,station_name,station_id,latitude,longitude
0,Washington St & Barrow St,5847.08,40.73191132323174,-74.008769094944
1,1 Ave & E 110 St,7522.02,40.7923272,-73.9383
2,Crescent St & Broadway,6827.11,40.7633589,-73.9286471
3,Stagg St & Union Ave,5117.05,40.70877084,-73.95095259
4,Frost St & Meeker Ave,5371.07,40.71766197083994,-73.94880026578903
5,E 106 St & Madison Ave,7528.31,40.7934337,-73.94945003
6,Onderdonk Ave & Gates Ave,4994.1,40.70413,-73.90737
7,E 48 St & 5 Ave,6626.01,40.75724567911726,-73.97805914282799
8,W 24 St & 7 Ave,6257.03,40.74487634,-73.99529885
9,W 27 St & 7 Ave,6247.06,40.746647,-73.993915
10,Stewart Ave & Johnson Ave,5123.07,40.70869,-73.92587
11,21 St & 23 Ave,7210.07,40.778557,-73.919046
12,West End Ave & W 107 St,7650.05,40.8021174,-73.9681805305
13,Columbia St & Kane St,4422.05,40.68763155,-74.0016256
14,Grand St & Havemeyer St,5267.08,40.71286844,-73.95698119
15,E 47 St & 2 Ave,6498.1,40.75323098,-73.97032517
16,E 56 St & 3 Ave,6691.11,40.75934501,-73.96759673
17,W 84 St & Columbus Ave,7382.04,40.78499979,-73.97283406
18,W 76 St & Columbus Ave,7281.09,40.7801839724239,-73.97728532552719
19,Van Brunt St & Wolcott St,4095.03,40.6773429,-74.01275056
20,2 Ave & E 125 St,7648.16,40.802554,-73.933509
21,Congress St & Clinton St,4455.1,40.68825516598005,-73.99545192718506
22,Centre St & Worth St,5279.03,40.71494807,-74.00234482
23,Hudson St & Reade St,5359.1,40.71625008,-74.0091059
24,Caton Ave & Argyle Rd,3303.01,40.649681,-73.967829
25,42 St & 1 Ave,3428.02,40.654798,-74.014372
26,Broadway & W 25 St,6173.08,40.74286877312112,-73.98918628692627
27,Bus Slip & State St,4889.06,40.701907,-74.013942
28,W 16 St & The High Line,6233.05,40.74334935,-74.00681753
29,Fulton St & Clermont Ave,4386.05,40.68415748,-73.96922273
30,St Marks Pl & 1 Ave,5626.13,40.72779126,-73.98564945
31,W 89 St & Columbus Ave,7432.09,40.7882213,-73.97041561
32,Cumberland St & Lafayette Ave,4428.02,40.68753406,-73.97265183
33,Watts St & Greenwich St,5578.02,40.72405549,-74.00965965
34,Amsterdam Ave & W 175 St,8278.05,40.844044,-73.933651
35,Lexington Ave & E 36 St,6313.1,40.7475739589548,-73.9788007736206
36,E 50 St & Park Ave,6659.1,40.757334,-73.974235
37,E 25 St & 1 Ave,6004.07,40.7381765,-73.97738662
38,Mott St & Prince St,5561.04,40.72317958,-73.99480012
39,W 45 St & 8 Ave,6676.02,40.75929124,-73.98859651
40,W 4 St & 7 Ave S,5880.02,40.73401143,-74.00293877
41,34 Ave & 48 St,6554.05,40.75388,-73.914952
42,Warren St & Smith St,4371.01,40.68542400997018,-73.99127773940563
43,Douglass St & 4 Ave,4175.14,40.6792788,-73.98154004
44,Wyckoff Av & Stanhope St,4931.05,40.703545,-73.917775
45,Liberty St & Nassau St,5105.09,40.70858894240581,-74.00935482235809
46,Hazen St & 20 Ave,7032.06,40.772092,-73.895166
47,Albemarle Rd & McDonald Ave,3166.03,40.645074,-73.979681
48,E 11 St & Avenue B,5659.11,40.72746420692392,-73.97950418293476
49,Madison Ave & E 99 St,7443.01,40.78948541553215,-73.95242929458618
50,E 84 St & 1 Ave,7180.02,40.77565541,-73.95068615
51,Carroll St & Smith St,4225.14,40.680611,-73.99475825
52,31 St & Thomson Ave,6227.02,40.74469738,-73.93540375
53,E 89 St & 3 Ave,7265.1,40.7806284,-73.9521667
54,Putnam Ave & Nostrand Ave,4327.09,40.68402,-73.94977
55,1 Ave & E 6 St,5626.15,40.72633085971696,-73.98616880178452
56,E 48 St & 3 Ave,6541.03,40.7546011026,-73.971878855
57,Parade Pl & Crooke Ave,3376.02,40.651847,-73.965248
58,Butler St & Court St,4339.01,40.6849894,-73.99440329
59,E 5 St & Avenue C,5545.04,40.72299208,-73.97995466
60,1 Ave & E 16 St,5779.08,40.73221853,-73.98165557
61,W 10 St & Washington St,5847.06,40.73342399437081,-74.00851495563984
62,Plaza St East & Flatbush Ave,4010.01,40.673134,-73.969106
63,Wyckoff St & Nevins St,4290.08,40.683426,-73.984275
64,Henry St & Grand St,5294.04,40.714211,-73.981095
65,3 St & 7 Ave,3905.15,40.6703837,-73.97839676
66,E Houston St & Columbia St,5436.11,40.71978635452822,-73.97871628403664
67,Graham Ave & Withers St,5403.04,40.7169811,-73.94485918
68,Front St & Gold St,4927.04,40.70224,-73.982578
69,5 Ave & 3 St,3987.06,40.6728155,-73.98352355
70,W 39 St & 9 Ave,6644.04,40.75645824,-73.99372222
71,E 39 St & Lexington Ave,6389.09,40.7494985460252,-73.97729203113158
72,Monroe St & Classon Ave,4336.01,40.6845683,-73.95881081
73,Nassau Ave & Russell St,5581.01,40.72557,-73.94434
74,52 St & 1 Ave,3253.01,40.649292,-74.020105
75,Powers St & Olive St,5210.01,40.71323,-73.93894
76,W 20 St & 8 Ave,6224.05,40.743453,-74.00004
77,8 Ave & W 49 St,6747.07,40.76171227910671,-73.98655101656914
78,S 4 St & Wythe Ave,5204.05,40.71285887,-73.96590294
79,Washington Ave & Greene Ave,4419.03,40.68650065,-73.96563307
80,Washington Square E,5755.09,40.73049393,-73.9957214
81,E 58 St & 1 Ave (NW Corner),6723.1,40.759125,-73.962658
82,Suffolk St & Stanton St,5445.02,40.72066442,-73.98517977
83,W 43 St & 10 Ave,6756.01,40.76009437,-73.99461843
84,E 40 St & Park Ave,6432.11,40.750756,-73.978326
85,Jay St & York St,4895.09,40.70140317257725,-73.98672670125961
86,E 169 St & Webster Ave,8122.04,40.834015,-73.908863
87,6 Ave & W 45 St,6593.15,40.756951,-73.982631
88,30 St & 4 Ave,3564.04,40.657743,-74.001141
89,Church Ave & Story St,3007.05,40.642031,-73.981073
90,N 12 St & Bedford Ave,5450.04,40.72079821,-73.95484712
91,S 3 St & Bedford Ave,5235.05,40.71260486,-73.96264403
92,Fulton St & Irving Pl,4263.12,40.68186,-73.959432
93,Pike St & Monroe St,5159.04,40.71173107,-73.99193043
94,3 Ave & E 163 St,7974.01,40.823872,-73.908699
95,Broadway & Whipple St,4883.03,40.7016657,-73.9437303
96,E 7 St & Ave C,5545.01,40.72412944090093,-73.97901266813278
97,Lafayette St & Jersey St,5561.06,40.72456089,-73.99565293
98,Broadway & E 21 St,6098.1,40.73988840858996,-73.98958593606949
99,Bialystoker Pl & Delancey St,5335.03,40.71622644,-73.98261206
100,E 1 St & 1 Ave,5593.01,40.72335597960796,-73.98864984512329
101,Washington St & Gansevoort St,6039.06,40.739323,-74.008119
102,E 147 St & Bergen Ave,7840.11,40.814673,-73.91839
103,Adam Clayton Powell Blvd & W 118 St,7670.09,40.804372,-73.951475
104,Front St & Jay St,4895.03,40.702461,-73.986842
105,E 74 St & 1 Ave,6953.08,40.7689738,-73.95482273
106,Broadway & W 142 St,7981.16,40.824686,-73.951947
107,Broadway & Battery Pl,4962.01,40.70463334,-74.01361706
108,West Thames St,5114.06,40.70834698,-74.01713445
109,Bedford Ave & S 9 St,5093.01,40.70853074,-73.96408963
110,W 160 St & St. Nicholas Ave,8138.07,40.834468,-73.939865
111,W 104 St & Amsterdam Ave,7610.13,40.79904139288298,-73.96649479866028
112,Dyckman St & 10 Ave,8507.02,40.85890447538412,-73.9230939745903
113,36 St & 4 Ave,3420.01,40.654144,-74.00422
114,Willis Ave & Bruckner Blvd,7691.05,40.805701,-73.925177
115,3 Ave & Carroll St,4143.04,40.677027,-73.9865
116,E 30 St & Park Ave S,6206.08,40.74444921,-73.98303529
117,E 85 St & 3 Ave,7212.05,40.77801203,-73.95407149
118,7 Ave & Park Pl,4125.07,40.6776147,-73.97324283
119,Market St & Henry St,5270.09,40.71310702305908,-73.99446353316307
120,West Drive & Prospect Park West,3651.04,40.6610633719006,-73.97945255041122
121,Underhill Ave & Lincoln Pl,4042.08,40.6740123,-73.9671457
122,E 14 St & 1 Ave,5779.1,40.73139303364151,-73.98286700248718
123,E 10 St & 2 Ave,5746.02,40.72970805644994,-73.9865979552269
124,E 110 St & Madison Ave,7587.14,40.7961535,-73.94782145
125,Marion Ave & Mosholu Pkwy,8699.01,40.8704956,-73.8818756582
126,Frederick Douglass Blvd & W 115 St,7658.13,40.8038654,-73.9559308
127,King St & Varick St,5687.11,40.72789701409023,-74.00536268949507
128,Boerum Pl\t& Pacific St,4488.09,40.68848905639242,-73.99116039276123
129,1 St & 6 Ave,3946.07,40.672784,-73.979826
130,31 Rd & 21 St,6929.02,40.766824,-73.930486
131,E 171 St & 3 Ave,8171.06,40.837119,-73.902185
132,5 St & Market St,4843.01,40.6999974843885,-73.97440128028393
133,20 Ave & 33 St,7226.03,40.779399,-73.905708
134,31 Ave & Crescent St,6893.1,40.7658346,-73.9265474
135,28 St & 41 Ave,6462.19,40.751047,-73.93797
136,Jerome Ave & E Mosholu Parkway S,8795.01,40.87935,-73.88534
137,Greenwich Ave & Charles St,5914.08,40.735238,-74.000271
138,4 Ave & E 12 St,5788.15,40.732647,-73.99011
139,Pierrepont St & Monroe Pl,4718.08,40.69535693320225,-73.99344027042389
140,Shore Blvd & Astoria Park,7271.01,40.77977,-73.923162
141,Great Jones St,5636.11,40.72743423,-73.99379025
142,Lawrence St & Willoughby St,4596.09,40.69236178,-73.98631746
143,6 Ave & 9 St,3803.09,40.668127,-73.98377641
144,Sands St & Jay St,4821.03,40.700119,-73.9862
145,Leonard St & Church St,5359.11,40.717571,-74.005549
146,E 118 St & 3 Ave,7611.02,40.799139,-73.9389152
147,53 St & 4 Ave,3169.07,40.644862,-74.014531
148,Fulton St & Adams St,4637.06,40.69241829257847,-73.98949474096298
149,5 Ave & 37 St,3379.03,40.652657,-74.002356
150,India St Pier,5794.05,40.731734785883454,-73.9612390102593
151,Water St & Gouverneur Ln,4993.15,40.70469667894968,-74.00803416967392
152,W 54 St & 9 Ave,6920.03,40.76584941,-73.98690506
153,Broadway & E 14 St,5905.12,40.73454567,-73.99074142
154,5 Ave & E 29 St,6248.06,40.7451677,-73.98683077
155,St Nicholas Ave & Manhattan Ave,7723.01,40.809725,-73.953149
156,E 33 St & 1 Ave,6197.08,40.74322681432173,-73.97449783980846
157,Edgecombe Ave & W 145 St,7976.08,40.823498,-73.94386
158,MacDougal St & Prince St,5687.04,40.72710258,-74.00297088
159,Bergen St & Flatbush Ave,4281.08,40.680944723477296,-73.97567331790923
160,Carlton Ave & Flushing Ave,4732.08,40.697787,-73.973736
161,St Marks Pl & 4 Ave,4249.1,40.68177810928762,-73.97988975048065
162,E 2 St & Avenue C,5476.03,40.7208736,-73.98085795
163,E 11 St & 1 Ave,5746.14,40.72953837,-73.98426726
164,Dock St & Front St,4903.09,40.702709,-73.99253
165,Lispenard St & Broadway,5391.06,40.71939226,-74.00247214
166,Berkeley Pl & 6 Ave,4134.06,40.6765304,-73.97846879
167,Myrtle Ave & St Edwards St,4659.02,40.69327018,-73.97703874
168,Bond St & Fulton St,4479.06,40.68962188790333,-73.98304268717766
169,E 16 St & 5 Ave,6022.04,40.73726186,-73.99238967
170,Broadway & W 36 St,6441.01,40.75097711,-73.98765428
171,Ave A & E 14 St,5779.11,40.73031071000895,-73.98047178983688
172,W 52 St & 11 Ave,6926.01,40.76727216,-73.99392888
173,Wythe Ave & Metropolitan Ave,5348.02,40.716887,-73.963198
174,Plaza Dr & W 170 St,8213.01,40.840484,-73.917946
175,E 102 St & Park Ave,7488.24,40.7904828,-73.95033068
176,Rivington St & Chrystie St,5453.01,40.72110063,-73.9919254
177,Henry St & Atlantic Ave,4531.05,40.69089272,-73.99612349
178,Willoughby Ave & Hall St,4611.03,40.69196035,-73.96536851
179,Johnson St & Gold St,4668.08,40.69474881,-73.98362464
180,Morgan Ave & Lombardy St,5503.01,40.72226,-73.93889
181,5 Ave & E 63 St,6904.06,40.766368,-73.971518
182,Grand St & Greene St,5500.02,40.72170005235607,-74.00238141417502
183,W 37 St & Broadway,6441.06,40.75227093837409,-73.98770570755005
184,W 50 St & 9 Ave,6854.05,40.76360467795863,-73.98917958140373
185,W 106 St & Amsterdam Ave,7634.01,40.8008363,-73.9664492472
186,Madison St & Seneca Ave,4880.11,40.70183,-73.90625
187,7 Ave S & Bleecker St,5805.07,40.73213896287381,-74.00363802909851
188,Broadway & W 29 St,6289.06,40.7462009,-73.98855723
189,Hancock St & Bedford Ave,4255.05,40.68216564,-73.95399026
190,Featherbed Ln & Nelson Ave,8327.15,40.846011,-73.919637
191,West St & Chambers St,5329.03,40.71754834,-74.01322069
192,W Broadway & W Houston St,5644.05,40.726378,-74.000472
193,Kingsland Ave & Nassau Ave,5613.04,40.72577,-73.94173
194,35 St & 30 Ave,6887.03,40.76547569244953,-73.91811579465866
195,10 Ave & W 28 St,6459.04,40.750664,-74.001768
196,Morris Ave & E Burnside Ave,8441.01,40.85322,-73.90546
197,Willoughby Ave & Walworth St,4634.02,40.69331716,-73.95381995
198,Nassau St & Navy St,4812.02,40.69839895,-73.98068914
199,Grand Ave & Bergen St,4190.06,40.678045,-73.962408
200,Central Park S & 6 Ave,6876.04,40.76590936,-73.97634151
201,8 Ave & W 16 St,6072.11,40.740983,-74.001702
202,Grand Army Plaza & Plaza St West,4010.15,40.6729679,-73.97087984
203,Central Park W & W 103 St,7577.27,40.79558954105342,-73.96188408136368
204,11 Ave & W 59 St,7059.01,40.77149671054441,-73.99046033620834
205,Allen St & Rivington St,5414.06,40.72019576,-73.98997825
206,Pulaski St & Marcus Garvey Blvd,4656.03,40.6933982,-73.939877
207,Lenox Ave & W 130 St,7753.13,40.8107922,-73.9430681
208,21 St & 31 Dr,6865.03,40.7659,-73.930819
209,Wilson Ave & Moffat St,4507.07,40.68906,-73.90506
210,Adams St & Prospect St,4821.1,40.70076308326151,-73.98869812488556
211,31 Ave & 57 St,6621.06,40.757357,-73.904726
212,St. Nicholas Ave & W 126 St,7756.1,40.8114323,-73.9518776
213,Amsterdam Ave & W 125 St,7800.03,40.813358,-73.956461
214,Central Park North & Adam Clayton Powell Blvd,7617.07,40.799484,-73.955613
215,E 123 St & Lexington Ave,7636.05,40.8029263,-73.9379
216,48 Ave & 5 St,6212.04,40.74436328706688,-73.9558732509613
217,Lafayette St & E 8 St,5788.13,40.73020660529954,-73.99102628231049
218,Carroll St & Columbia St,4348.07,40.6830456,-74.00348559
219,Commerce St & Van Brunt St,4243.01,40.6812117,-74.00860912
220,5 Ave & E 78 St,7161.08,40.77632142182271,-73.96427392959595
221,3 St & Prospect Park West,3865.05,40.668132,-73.97363831
222,Halsey St & Tompkins Ave,4319.07,40.6823687,-73.944118
223,E 81 St & 2 Ave,7121.05,40.77477944895728,-73.95427465438843
224,W 84 St & Broadway,7409.08,40.7867947,-73.977112
225,E 114 St & 1 Ave,7540.02,40.7945663,-73.9362541
226,Lafayette Ave & Ft Greene Pl,4470.09,40.68700231292619,-73.97664964199066
227,Metropolitan Ave & Meeker Ave,5300.05,40.71413311,-73.95234386
228,Bergen St & Smith St,4446.01,40.6867443,-73.99063168
229,Grand Army Plaza & Central Park S,6839.1,40.7643971,-73.97371465
230,Berry St & N 8 St,5379.09,40.7190095,-73.95852515
231,Amsterdam Ave & W 82 St,7360.1,40.78524672,-73.97667321
232,Crescent St & Ditmars Blvd,7233.05,40.7787185,-73.9145645
233,Van Brunt St & Van Dyke St,4095.1,40.6758329439129,-74.01472628116608
234,Alexander Ave & E 134 St,7712.04,40.807466,-73.927107
235,Spruce St & Nassau St,5137.1,40.71146364,-74.00552427
236,Ave A & E 11 St,5703.13,40.72854745023944,-73.98175925016403
237,Maiden Ln & Pearl St,5065.1,40.70706456,-74.00731853
238,3 Ave & 14 St,3850.03,40.6685455,-73.99333264
239,Adelphi St & Myrtle Ave,4620.02,40.69308257,-73.97178913
240,E 44 St & 2 Ave,6422.09,40.75118387463277,-73.97138714790344
241,North Moore St & Greenwich St,5470.12,40.72019521437465,-74.0103006362915
242,Coffey St & Ferris St,4137.14,40.67818387977647,-74.0170168876648
243,E 53 St & Lexington Ave,6617.09,40.75828065,-73.97069431
244,Montague St & Clinton St,4677.06,40.6942715,-73.9923272
245,Sands St Gate,4812.04,40.699569,-73.979827
246,Albany St & Greenwich St,5145.02,40.709267,-74.013247
247,E 95 St & 3 Ave,7365.13,40.7849032,-73.950503
248,21 Ave & Shore Blvd,7342.01,40.783956,-73.916894
249,N 15 St & Wythe Ave,5520.09,40.724055,-73.955736
250,Bridge St & York St,4853.06,40.70133448066992,-73.98471236228943
251,Laight St & Hudson St,5539.06,40.72185379,-74.00771779
252,Forsyth St & Broome St,5453.05,40.71893904,-73.99266288
253,River Ave & E 151 St,7967.04,40.822217,-73.928939
254,Cedar St & Evergreen Ave,4721.01,40.69671,-73.92807
255,W 36 St & 9 Ave,6569.07,40.75462324029105,-73.99516761302948
256,31 St & 21 Ave,7202.07,40.77813,-73.90842
257,Amsterdam Ave & W 73 St,7260.09,40.77966809007312,-73.98093044757842
258,Adam Clayton Powell Blvd & W 138 St,7855.03,40.81695971032464,-73.9422959089279
259,20 Ave & 48 St,7066.01,40.772899,-73.896849
260,11 Ave & W 41 St,6726.01,40.76030096,-73.99884222
261,45 St & 4 Ave,3275.03,40.649145,-74.009486
262,E 88 St & 1 Ave,7235.13,40.778301,-73.9488134
263,28 St & 36 Ave,6614.01,40.757186,-73.932719
264,W Tremont Ave & Grand Ave,8384.03,40.850036,-73.912785
265,E 115 St & Madison Ave,7599.02,40.7989445,-73.944846
266,Broadway & W 38 St,6560.15,40.7529728216068,-73.98734897375107
267,Prospect Ave & Vanderbilt St,3426.02,40.653368,-73.976291
268,Ogden Ave & W 164 St,8115.01,40.832812,-73.929372
269,30 Ave & 41 St,6812.06,40.763422,-73.914142
270,Madison St & Clinton St,5190.07,40.71269042,-73.98776323
271,State St & Smith St,4522.07,40.68917,-73.9886
272,44 St & 6 Ave,3233.06,40.647105,-74.004483
273,Grove St & Broadway,4526.01,40.69047,-73.923511
274,Frederick Douglass Blvd & W 117 St,7688.12,40.805159,-73.954692
275,1 Ave & E 44 St,6379.03,40.75001986,-73.96905301
276,Riverside Dr & W 72 St,7288.04,40.78057799010334,-73.98562431335449
277,Wyckoff Av & Jefferson St,5051.01,40.707165,-73.923711
278,Onderdonk Ave & Dekalb Ave,5115.01,40.70863,-73.91497
279,35 Ave & 10 St,6806.06,40.76315481910373,-73.93985509872437
280,Mercer St & Spring St,5532.01,40.72362738,-73.99949601
281,45 Ave & 21 St,6319.07,40.74737075646803,-73.94777297973631
282,Crescent St & 35 Ave,6688.01,40.7596276,-73.9321455
283,W 110 St & Amsterdam Ave,7646.04,40.802692,-73.96295
284,E 31 St & 3 Ave,6239.08,40.74394314,-73.97966069
285,Decatur Ave & E 197 St,8597.01,40.86557,-73.88807
286,3 Ave & E 72 St,7028.04,40.7699426,-73.96060712
287,6 Ave & 55 St,3000.08,40.640831,-74.010996
288,46 St & 7 Ave,3117.05,40.644743,-74.003754
289,Paul Ave & W 205 St,8782.01,40.87704,-73.88943
290,Irving Ave & Harman St,4856.05,40.70108,-73.9179
291,Nevins St & Schermerhorn St,4437.09,40.68737247650719,-73.98176059126854
292,2 Ave & E 99 St,7386.1,40.7862586,-73.94552579
293,51 St & Hobart St,6662.09,40.75767234025041,-73.90769943594933
294,College Ave & E 170 St,8175.06,40.837576,-73.910489
295,Carroll St & Washington Ave,3887.03,40.6686744,-73.9618148
296,W 95 St & Broadway,7541.01,40.7937704,-73.971888
297,W 107 St & Columbus Ave,7619.05,40.7997568,-73.9621128676
298,Central Park West & W 68 St,7079.06,40.7734066,-73.97782542
299,Central Park West & W 76 St,7253.04,40.77896784,-73.97374737
300,W 26 St & 10 Ave,6382.05,40.749717753,-74.002950346
301,Aqueduct Ave & W 190 St,8605.06,40.8649213,-73.9024238
302,28 Ave & 44 St,6879.04,40.76408932350688,-73.91065120697021
303,Broadway & 51 St,6545.07,40.754164,-73.908906
304,12 Ave & 36 St,3056.05,40.643546,-73.986418
305,Jerome Ave & W 177 St,8362.09,40.850121,-73.910765
306,59 St & 4 Ave,3011.03,40.641269,-74.017651
307,46 St & 30 Rd,6703.06,40.76072,-73.910989
308,Willis Ave & E 141 St,7759.08,40.81093,-73.921606
309,Willis Ave & E 137 St,7726.02,40.808384,-73.923604
310,Frederick Douglass Blvd & W 145 St,7954.12,40.823061,-73.941928
311,Anthony Ave & E 175 St,8319.01,40.846465,-73.903869
312,E 170 St & Clay Ave,8156.01,40.837213,-73.908345
313,Lenox Ave & W 117 St,7655.22,40.8025566,-73.9490782
314,Audubon Ave & Fort George Ave,8491.07,40.85715781391904,-73.92717361450195
315,Clermont Ave & Park Ave,4692.01,40.69573398,-73.97129668
316,Motorgate,6814.01,40.7639089,-73.9477213
317,Rockaway Ave & Bainbridge St,4285.09,40.68319988172761,-73.91166642308235
318,Brooklyn Bridge Park - Pier 2,4756.04,40.698458,-73.997178
319,Roosevelt Island Tramway,6599.01,40.757284,-73.9536
320,3 Ave & E 62 St,6762.04,40.76312584,-73.96526895
321,Southpoint Park,6566.01,40.753702,-73.958652
322,Henry St & Middagh St,4861.05,40.7003,-73.991581
323,7 St & 3 Ave,3996.01,40.67260298150126,-73.98983001708984
324,3 Ave & E 71 St,6960.1,40.76873687,-73.96119945
325,W Tremont Ave & Montgomery Ave,8407.03,40.851788,-73.916418
326,E 72 St & York Ave,6889.12,40.76663814,-73.95348296
327,Reade St & Broadway,5247.1,40.71450451,-74.00562789
328,W 20 St & 10 Ave,6306.01,40.745686,-74.005141
329,W Broadway & Spring St,5569.06,40.72494672359416,-74.00165855884552
330,Jefferson Ave & Evergreen Ave,4517.03,40.68989,-73.91458
331,Park Ave & St Edwards St,4700.06,40.69608941,-73.97803415
332,Cadman Plaza E & Tillary St,4677.01,40.69597683,-73.99014892
333,Prospect Pl & Vanderbilt Ave,4157.15,40.67767534269111,-73.96902143955231
334,Greenwich St & Rector St,5073.07,40.70806582380646,-74.0135595202446
335,W 145 St & Amsterdam Ave,7997.08,40.825244,-73.947257
336,Bushwick Ave & McKibbin St,5027.02,40.705517,-73.93936
337,Columbia St & Rivington St,5365.02,40.71739973,-73.98016555
338,W 52 St & 6 Ave,6740.01,40.76132983124814,-73.97982001304626
339,Stanton St & Norfolk St,5445.07,40.720747,-73.986274
340,Beaver St & Fayette St,4840.06,40.70099,-73.93921
341,Queens Plaza North & Crescent St,6429.01,40.75110165,-73.94073717
342,John St & William St,5065.04,40.70862144,-74.00722156
343,E 55 St & 2 Ave,6650.07,40.75797322,-73.96603308
344,Harlem River Dr & W 155 St,8085.13,40.830476,-73.939929
345,Vernon Blvd & 50 Ave,6170.02,40.74232744,-73.95411749
346,7 Ave & Central Park South,6912.01,40.766741,-73.979069
347,Wadsworth Ave & W 179 St,8336.02,40.848467,-73.936064
348,Union Ave & Jackson St,5300.06,40.7160751,-73.952029
349,W 147 St & Adam Clayton Powell Blvd,7971.07,40.82281,-73.937413
350,E 138 St & 5 Av,7809.13,40.81449,-73.936153
351,E 59 St & Madison Ave,6801.01,40.76350532,-73.97109243
352,W 20 St & 7 Ave,6182.02,40.74238787,-73.99726235
353,E 165 St & Clay Ave,8052.02,40.82809,-73.91288
354,Adam Clayton Powell Blvd & W 126 St,7738.04,40.80949534777948,-73.94776493310928
355,Charlotte St & Boston Rd,8167.04,40.8358771,-73.8931428
356,Hamilton Pl & W 140 St,7959.18,40.822756,-73.951346
357,Boston Rd & E 167 St,8048.04,40.828199,-73.903719
358,Manhattan Av & Leonard St,5442.09,40.72084,-73.94844
359,Monroe St & Tompkins Ave,4434.06,40.686203,-73.944694
360,University Ave & W 168 St,8183.02,40.838706,-73.927034
361,Murray St & West St,5329.06,40.7149787,-74.013012
362,Fulton St & William St,5137.11,40.70960089363537,-74.00655090808868
363,Columbia Heights & Cranberry St,4829.01,40.700379,-73.995481
364,Avenue D & E 3 St,5436.09,40.72082834,-73.97793172
365,Carmine St & 6 Ave,5763.03,40.73038599,-74.00214988
366,W 30 St & 10 Ave,6459.07,40.752694,-74.002353
367,W 63 St & Broadway,7052.01,40.77163851,-73.98261428
368,W 116 St & Amsterdam Ave,7692.11,40.8067581,-73.9607082
369,3 Ave & E 169 St,8103.05,40.832678,-73.905158
370,Broadway & W 51 St,6779.04,40.76228826,-73.98336183
371,W 35 St & Dyer Ave,6569.08,40.754691750226016,-73.99740189313889
372,West St & Liberty St,5184.08,40.711444,-74.014847
373,E 32 St & Park Ave,6280.12,40.7457121,-73.98194829
374,W 53 St & 10 Ave,6890.01,40.76669671,-73.99061728
375,West End Ave & W 60 St,7059.08,40.77237,-73.99005
376,Lexington Ave & E 24 St,6089.07,40.74025878,-73.98409214
377,E 13 St & 2 Ave,5820.08,40.73153937464073,-73.9853024482727
378,Murray St & Greenwich St,5288.12,40.71485150526252,-74.01122331619263
379,Bradhurst Ave & W 148 St,7992.04,40.825125,-73.941616
380,Clinton St & Cherry St,5190.09,40.711471394469264,-73.98672603070736
381,Vesey St & Church St,5216.06,40.71221958009051,-74.01047229766846
382,W 51 St & Rockefeller Plaza,6700.14,40.75973805251143,-73.97811613976955
383,St James Pl & Oliver St,5238.05,40.71307916,-73.99851193
384,Division St & Bowery,5270.08,40.714193,-73.996732
385,Spring St & Hudson St,5653.12,40.72583996792375,-74.0076532959938
386,Centre St & Chambers St,5207.01,40.71273266,-74.0046073
387,3 Ave & Franklin Ave,8012.04,40.82696,-73.907451
388,Vernon Blvd & 10 St,6937.07,40.7671863,-73.9373554
389,E 20 St & Park Ave,6055.08,40.73827428,-73.98751968
390,Duffield St & Willoughby St,4596.05,40.69221589,-73.9842844
391,W 31 St & 7 Ave,6331.01,40.749156,-73.9916
392,Prospect Park SW & Vanderbilt St,3457.03,40.65482,-73.973217
393,48 Ave & 31 St,6151.05,40.74133,-73.93616
394,Grand Ave & W Fordham Rd,8571.02,40.86288,-73.90316
395,St Nicholas Ave & W 150 St,8013.07,40.827212,-73.942722
396,Lexington Ave & E 111 St,7567.06,40.7954121,-73.9441232
397,5 Ave & 41 St,3306.03,40.649983,-74.005144
398,4 Ave & 17 St,3739.06,40.665507,-73.993037
399,Marcus Garvey Blvd & Macon St,4278.03,40.682601,-73.938037
400,Pioneer St & Richards St,4128.08,40.6777748,-74.0094613
401,Knickerbocker Ave & George St,4979.07,40.704425,-73.92836
402,10 St & 7 Ave,3762.08,40.6662078,-73.98199886
403,Forest Ave & Summerfield St,4798.02,40.69922,-73.89795
404,Cooper Square & Astor Pl,5712.03,40.72951496224949,-73.99075269699097
405,Broadway & Moylan Pl,7823.03,40.8143256,-73.9590255
406,W 41 St & 8 Ave,6602.03,40.75640548,-73.9900262
407,7 Ave & 20 St,3588.01,40.659053,-73.98854
408,George St & Wilson Ave,4906.07,40.702997,-73.92997
409,Willoughby Ave & Tompkins Ave,4665.02,40.69425403,-73.94626915
410,Lewis Ave & Decatur St,4237.01,40.6814598,-73.934903
411,E 118 St & Park Ave,7625.18,40.8005385,-73.9419949
412,Flushing Ave & Woodward Ave,5225.02,40.71246,-73.91873
413,E 138 St & Canal St W,7803.03,40.812304,-73.929153
414,31 Ave & Steinway St,6782.01,40.7611488,-73.9170071
415,E 45 St & 3 Ave,6464.08,40.75255434,-73.97282625
416,W 212 St & 10 Ave,8647.07,40.8676583895191,-73.91675725579262
417,Pleasant Ave & E 116 St,7450.05,40.7949879,-73.9333349
418,Morningside Dr & Amsterdam Ave,7741.04,40.81028506306003,-73.95736455917358
419,2 Ave & E 104 St,7436.11,40.7892105,-73.94370784
420,Nassau St\t& Duffield St,4781.05,40.698477,-73.98384
421,2 Ave & E 122 St,7622.12,40.8006721,-73.9349
422,Fulton St & Utica Ave,4228.02,40.6794268,-73.9298911
423,E 106 St & Lexington Ave,7504.18,40.791976,-73.945993
424,Metropolitan Ave & Bedford Ave,5308.04,40.71534825,-73.96024116
425,E 84 St & Park Ave,7243.04,40.77862688,-73.95772073
426,Norfolk St & Broome St,5374.01,40.7172274,-73.98802084
427,Thompson St & Bleecker St,5721.07,40.72840059450829,-73.99968780577183
428,W 155 St & Frederick Douglass Blvd,8065.13,40.82923,-73.936996
429,Adam Clayton Powell Blvd & W 141 St,7893.05,40.819241,-73.941057
430,E 98 St & Park Ave,7443.17,40.78813,-73.95206
431,1 Pl & Clinton St,4193.14,40.6809591,-73.99905709
432,South St & Whitehall St,4846.01,40.70122128,-74.01234218
433,McKibbin St & Bogart St,5059.02,40.706237,-73.933871
434,W 133 St & 12 Ave,7925.04,40.820003,-73.959089
435,Morris Ave & E 142 St,7821.01,40.814469,-73.924963
436,Columbus Ave & W 95 St,7520.07,40.7919557,-73.968087
437,Broadway & W 53 St,6779.05,40.76344058,-73.98268129
438,Richardson St & N Henry St,5433.03,40.71907891179564,-73.94223690032959
439,E Tremont Ave & E 176 St,8356.02,40.847798,-73.901883
440,Bayard St & Baxter St,5351.03,40.71602118,-73.99974372
441,W 148 St & Amsterdam Ave,8033.09,40.827075,-73.945909
442,W 70 St & Amsterdam Ave,7207.08,40.77748046,-73.98288594
443,Howard St & Lafayette St,5422.04,40.71910537,-73.99973337
444,E 161 St & River Ave,8041.07,40.827883,-73.927111
445,Bulova Ave & Brooklyn Queens Expressway W,6766.03,40.762507,-73.902534
446,Broadway & W 168 St,8226.06,40.84089603193041,-73.93972098827362
447,Crescent St & 30 Ave,6958.06,40.768692,-73.9249574
448,Brook Ave & E 138 St,7707.08,40.807408,-73.91924
449,34th Ave & Vernon Blvd,6873.01,40.76535380385866,-73.93986314535141
450,31 St & Astoria Blvd,6989.07,40.7699176,-73.9184057
451,Broadway & Berry St,5164.04,40.71044554,-73.96525063
452,8 Ave & W 38 St,6526.05,40.75461,-73.99177
453,W 37 St & 10 Ave,6611.02,40.75660359,-73.9979009
454,W 44 St & 11 Ave,6756.05,40.762009,-73.996975
455,31 St & Broadway,6789.04,40.761584,-73.925921
456,E 149 St & Park Ave,7884.04,40.818154,-73.925294
457,Grand Concourse & E 203 St,8734.04,40.87382,-73.88661
458,Henry St & W 9 St,4086.06,40.6763744,-74.00324957
459,27 Ave & 3 St,7132.08,40.77485,-73.9342
460,Broadway & Kosciuszko St,4608.01,40.69329,-73.92852
461,W 67 St & Broadway,7116.04,40.77492513,-73.98266566
462,Madison Ave & E 82 St,7188.13,40.7781314,-73.96069399
463,Flatbush Ave & Ocean Ave,3704.04,40.663657,-73.963014
464,Carroll St & 6 Ave,4019.06,40.6740886,-73.9787282
465,Union Ave & N 12 St,5411.07,40.71924,-73.95242
466,Amsterdam Ave & W 131 St,7842.16,40.816355,-73.954295
467,Bedford Ave & Bergen St,4066.15,40.676368,-73.952918
468,E 3 St & Church Ave,3046.03,40.643817,-73.977433
469,Graham Ave & Grand St,5178.06,40.711863,-73.944024
470,Bedford Ave & Nassau Ave,5550.05,40.72311651,-73.95212324
471,Melrose Ave & E 154 St,7918.12,40.819609,-73.916071
472,Crescent St & 34 Ave,6759.15,40.76108,-73.930562
473,Park Pl & Church St,5288.08,40.71334184275907,-74.00935515761375
474,West Farms Rd & Boone Ave,8076.01,40.830025,-73.886312
475,Edgecombe Ave & W 141 St,7915.11,40.820681,-73.945144
476,57 St & 1 Ave - Brooklyn Army Terminal Vaccination Site,3178.02,40.646377,-74.023087
477,Park Ave & Marcus Garvey Blvd,4768.02,40.698617,-73.941342
478,24 St & 38 Ave,6581.14,40.756351,-73.936515
479,Greene Ave & Throop Ave,4510.04,40.6894932,-73.942061
480,E 7 St & Ave B,5584.05,40.7251285241158,-73.98131668567657
481,W Fordham Rd & Loring Pl N,8590.01,40.86295,-73.90741
482,W 190 St & Broadway,8474.02,40.85648733523576,-73.93296986818314
483,Hudson Blvd E & W 36 St,6611.05,40.75630628938069,-73.99951145061095
484,10 Ave & W 215 St,8679.03,40.86932465640094,-73.91519755125046
485,Clinton St & Union St,4266.03,40.6831164,-73.99785267
486,Sheridan Ave & E 172 St,8229.04,40.840494,-73.911479
487,6 Ave & W 33 St,6364.07,40.749013,-73.988484
488,E 82 St & East End Ave,7049.04,40.7724607,-73.9468208
489,Lenox Ave & W 111 St,7602.05,40.7987859,-73.9523
490,Putnam Ave & Wyckoff Ave,4735.03,40.69811,-73.90904
491,Wilson Ave & Troutman St,4864.09,40.70166,-73.92754
492,Van Buren St & Broadway,4568.01,40.692,-73.92617
493,Knickerbocker Ave & Hancock St,4663.02,40.69385,-73.90974
494,Suydam St & St. Nicholas Ave,5043.06,40.70636,-73.91945
495,Southern Blvd & Avenue St. John,7767.06,40.812769,-73.901583
496,Goulden Ave & Bedford Park Blvd W,8738.01,40.87387,-73.89533
497,Cedar St & Myrtle Ave,4751.01,40.697842,-73.926241
498,36 St & Ditmars Blvd,7111.1,40.774306,-73.908335
499,St Marks Pl & 2 Ave,5669.1,40.7284186,-73.98713956
500,Suydam St & Broadway,4689.03,40.69544,-73.93223
501,Boerum St & Broadway,5004.02,40.70538077,-73.94976519
502,Classon Ave & St Marks Ave,4074.03,40.6765198,-73.9596082
503,E 40 St & 5 Ave,6474.11,40.752062307,-73.9816324043
504,E 51 St & Lexington Ave,6659.01,40.75714758,-73.97207836
505,42 Pl & Northern Blvd,6520.07,40.753091,-73.920603
506,Steinway St & 23 Ave,7009.02,40.7713937,-73.9077436
507,36 Ave & 31 St,6572.08,40.75651272984955,-73.92957486212252
508,Throop Ave & Myrtle Ave,4697.01,40.69622937,-73.94371094
509,Madison St & Woodward Ave,4954.07,40.70408,-73.90408
510,44 Dr & Jackson Ave,6352.01,40.74718234,-73.9432635
511,Concord St & Bridge St,4781.03,40.69766564,-73.98476437
512,Vernon Blvd & 31 Ave,7003.06,40.7692475,-73.9354504
513,31 St & Northern Blvd,6495.17,40.75186951421875,-73.93349289894103
514,46 St & 28 Ave,6842.02,40.763328,-73.908782
515,39 St & 2 Ave,3501.01,40.65539977447831,-74.01062786579132
516,38 St & Northern Blvd,6486.07,40.752372,-73.925384
517,2 Av & 37 St,3460.04,40.656326,-74.009627
518,Kent St & McGuinness Blvd,5785.1,40.73124,-73.95161
519,Pitt St & Stanton St,5406.04,40.71926081,-73.98178024
520,Wales Ave & E 147 St,7751.05,40.811314,-73.907729
521,Clinton St & Centre St,4045.01,40.67434,-74.00194698
522,Lafayette Ave & Classon Ave,4452.01,40.68900443,-73.96023854
523,Market St & Cherry St,5198.04,40.710762,-73.994004
524,E 39 St & 2 Ave,6345.08,40.74803319428767,-73.973827958107
525,6 St & 7 Ave,3834.1,40.6686627,-73.97988067
526,Columbia St & Degraw St,4422.04,40.6859296,-74.00242364
527,FDR Drive & E 35 St,6230.04,40.744219,-73.97121214
528,Perry St & Bleecker St,5922.07,40.73535398,-74.00483091
529,Prospect Park SW & 16 St,3498.09,40.657265,-73.974165
530,Roebling St & N 4 St,5267.09,40.71469,-73.95739
531,Smith St & 3 St,4151.01,40.6787242,-73.99599099
532,10 Ave & W 14 St,6157.04,40.74198159994023,-74.00831580162048
533,Plaza St West & Flatbush Ave,4010.13,40.6750207,-73.97111473
534,Greenwich St & Perry St,5922.04,40.73498,-74.00697
535,Degraw St & Smith St,4298.05,40.6829151,-73.99318208
536,8 Ave & W 33 St,6450.12,40.751551,-73.993934
537,E 106 St & 1 Ave,7456.03,40.7892529,-73.93956237
538,Humboldt St & Varet St,4956.02,40.7031724,-73.940636
539,S Portland Ave & Hanson Pl,4354.05,40.68539567,-73.97431458
540,23 St & 3 Ave,3707.01,40.662611,-73.998623
541,E 5 St & Ave A,5626.06,40.72479007746337,-73.98430064320564
542,E 102 St & 1 Ave,7407.13,40.7869946,-73.94164802
543,Hoyt St & Warren St,4330.09,40.6843549,-73.98901629
544,Smith St & 9 St,4077.04,40.6746957,-73.99785768
545,Bushwick Ave & Powers St,5250.05,40.71247661,-73.94100005
546,67 St & Ridge Blvd,2932.01,40.638799,-74.027472
547,Tompkins Ave & Hopkins St,4850.04,40.69957608,-73.94708417
548,Kent Ave & Division Ave,5021.05,40.706563674670925,-73.9683187007904
549,E 115 St & Lexington Ave,7599.09,40.797911,-73.9423
550,E 149 St & Morris Ave,7863.03,40.81734,-73.922962
551,Washington Park,4546.05,40.6917823,-73.9737299
552,Bergen Ave & E 152 St,7858.02,40.817166,-73.914737
553,Dwight St & Van Dyke St,3981.1,40.67363551341504,-74.01195555925369
554,Amsterdam Ave & W 186 St,8394.15,40.851113,-73.928808
555,Ditmars Blvd & 43 St,7039.03,40.771203,-73.903865
556,Pacific St & Classon Ave,4148.07,40.6791944,-73.9587903
557,21 St & 4 Ave,3668.04,40.662584,-73.995554
558,Webb Ave & W 190 St,8624.01,40.8660052,-73.904254892
559,Columbia St & W 9 St,4086.05,40.6769993,-74.00647134
560,Sterling Pl & 5 Ave,4208.01,40.678970070475735,-73.97855266928671
561,Ditmars Blvd & 19 St,7291.06,40.78145,-73.9183302
562,21 St & Hoyt Ave S,7126.01,40.774645,-73.923706
563,Moffat St & Bushwick,4357.01,40.68458,-73.90925
564,31 Ave & 14 St,6966.04,40.7682,-73.9322662
565,Nagle Ave & Ellwood St,8528.05,40.86012,-73.928489
566,Central Park West & W 72 St,7141.07,40.77579376683666,-73.9762057363987
567,Willow Ave & E 133 St,7626.02,40.800933,-73.913863
568,South St & Pike St,5159.07,40.70991806921533,-73.99161100387573
569,21 St & 36 Ave,6729.02,40.7601853,-73.9362726
570,Grand St & Elizabeth St,5382.06,40.718822,-73.99596
571,5 Ave & E 72 St,7100.07,40.77282817,-73.96685276
572,Amsterdam Ave & W 79 St,7311.02,40.782939,-73.978652
573,3 Ave & Schermerhorn St,4437.01,40.68683208,-73.9796772
574,Morris Ave & E 171 St,8209.01,40.83899,-73.9109
575,Bridge St & Water St,4968.03,40.70296934155272,-73.98469090461731
576,Buchanan Pl & Grand Ave,8535.01,40.85834,-73.90626
577,Franklin St & Dupont St,5944.01,40.73564,-73.95866
578,Hope St & Union Ave,5187.03,40.71167351,-73.95141312
579,India St & Manhattan Ave,5826.02,40.73232194,-73.9550858
580,Andrews Ave S & W 179 St,8483.02,40.855156,-73.91278
581,Bond St & Bergen St,4404.1,40.6849668,-73.98620772
582,Center Blvd & 51 Ave,6179.07,40.74336608027021,-73.95960688591003
583,E 158 St & Melrose Ave,7957.11,40.822215,-73.914688
584,Jerome Ave & W 193 St,8619.02,40.86659,-73.89794
585,Freeman St & Reverend James A Polite Ave,8080.01,40.830529,-73.894717
586,Bay St & Court St,3931.09,40.671409,-74.001328
587,5 Ave & 66 St,2782.02,40.635679,-74.020005
588,59 St & 5 Ave,2961.05,40.640125,-74.015726
589,E 76 St & Park Ave,7128.08,40.773763,-73.96222088
590,31 Ave & 34 St,6819.15,40.763154,-73.920827
591,W 204 St & Vermilyea Ave,8632.07,40.866141,-73.922648
592,Clinton St & Grand St,5303.06,40.71559509,-73.9870295
593,2 Ave & 36 St,3460.01,40.65708866668485,-74.00870203971863
594,2 Ave & 32 St,3532.02,40.659176,-74.006584
595,Sterling St & Bedford Ave,3665.06,40.6627059,-73.9569115
596,Prospect Pl & 6 Ave,4166.08,40.6793307,-73.97519523
597,E 97 St & 3 Ave,7365.08,40.7859201,-73.94860294
598,Broadway & Furman Ave,4244.06,40.68139,-73.90756
599,Barclay St & Church St,5216.04,40.71291224,-74.01020234
600,E 174 St & Walton Ave,8285.09,40.844811,-73.912042
601,E 161 St & Park Ave,7979.17,40.824811,-73.916407
602,Jerome Ave & W 195 St,8653.09,40.86874,-73.89657
603,Sheridan Ave & E 168 St,8160.03,40.835334,-73.9154
604,10 St & 2 Ave,3922.02,40.671907,-73.993612
605,Morris Ave & E 153 St,7901.04,40.820036,-73.921411
606,Devoe St & Morgan Ave,5282.02,40.713811,-73.93515
607,Union St & Nevins St,4143.03,40.67909799721684,-73.98765474557877
608,Center Blvd & 48 Ave,6254.06,40.745038,-73.957539
609,E 81 St & Park Ave,7188.1,40.77677702,-73.9590097
610,Stagg St & Morgan Ave,5170.01,40.710681,-73.93372
611,Dyckman St & Staff St,8655.02,40.868846,-73.931537
612,Willoughby Ave & Myrtle Ave,4759.02,40.69757,-73.93098
613,29 St & 5 Ave,3523.06,40.656986,-73.998194
614,Frost St & Debevoise Ave,5433.04,40.71882,-73.93948
615,Washington Ave & E 174 St,8277.03,40.843079,-73.900216
616,Harrison St & Hudson St,5400.05,40.71870987,-74.0090009
617,River Ave & McClellan St,8111.07,40.83406,-73.92243
618,Inwood Ave & W 170 St,8233.01,40.840536,-73.919228
619,E 188 St & Creston Ave,8566.05,40.861669,-73.898589
620,E Burnside Ave & Ryer Ave,8397.02,40.850535,-73.901318
621,Sullivan Pl & Bedford Ave,3736.04,40.6642406,-73.9574686
622,64 St & 3 Ave,2971.02,40.639978,-74.02324
623,Franklin Ave & St Marks Ave,4107.05,40.6758324,-73.9561677
624,Featherbed Ln & Jerome Ave,8285.11,40.845505,-73.914311
625,W 204 St & Nagle Ave,8579.03,40.863211,-73.920827
626,Hart St & Wyckoff Ave,4971.01,40.704876,-73.919911
627,W 180 St & Ft Washington Ave,8358.03,40.849972,-73.938423
628,Riverside Dr & Broadway,8616.06,40.865364,-73.92791
629,11 Ave & Prospect Ave,3538.09,40.65629,-73.977335
630,6 Ave & 60 St,2912.08,40.638196,-74.013821
631,Cleveland Pl & Spring St,5492.05,40.722103786686034,-73.99724900722504
632,Forsyth St\t& Grand St,5382.07,40.71779817737835,-73.99316132068634
633,E 20 St & FDR Dr,5886.13,40.733208626522426,-73.9756813647
634,Christopher St & Greenwich St,5847.01,40.73291553,-74.00711384
635,Greene St & Prince St,5602.06,40.72511734422387,-73.99930492043495
636,9 St & 44 Rd,6361.03,40.74966,-73.9521
637,Water St &  Fletcher St,5024.1,40.706410755236135,-74.00559738278389
638,Frederick Douglass Blvd & W 129 St,7795.09,40.8125511,-73.9492286
639,Vesey Pl & River Terrace,5297.02,40.7153379,-74.01658354
640,Lexington Ave & Classon Ave,4452.03,40.68676793,-73.95928168
641,Courtlandt Ave & E 157 St,7979.01,40.822267,-73.916792
642,MacDougal St & Washington Sq,5797.01,40.73226398,-73.99852205
643,Ave D & E 8 St,5506.1,40.72368361,-73.97574813
644,5 St & 51 Ave,6137.04,40.7423737,-73.9566
645,46 Ave & 5 St,6286.02,40.74731,-73.95451
646,Home St & Westchester Ave,8020.01,40.827629,-73.886659
647,Tiebout Ave & E Fordham Road,8546.06,40.861915,-73.894831
648,Putnam Ave & Throop Ave,4392.04,40.6851532,-73.94111
649,5 Ave & E 87 St,7323.09,40.78232260730881,-73.95987510681152
650,Sterling Pl & Bedford Ave,3993.03,40.672695,-73.954131
651,24 Ave & 26 St,7152.1,40.774591,-73.918544
652,E 142 St & 3 Ave,7781.1,40.812735,-73.923697
653,W 190 St & St. Nicholas Ave,8453.14,40.854788,-73.929513
654,Concourse Village East & E 158 St,8000.02,40.823732,-73.919379
655,Lexington Ave & E 128 St,7716.19,40.806414,-73.936085
656,Halsey St & Broadway,4366.01,40.68565,-73.91564
657,W 168th S & Fort Washington Ave,8226.07,40.84210236102173,-73.9422395825386
658,W 90 St & Amsterdam Ave,7432.04,40.79017948095081,-73.97288918495178
659,E 65 St & 2 Ave,6860.12,40.76471851944339,-73.96222069859505
660,Boone Ave & E 172 St,8110.04,40.832649,-73.885272
661,Cadman Plaza E & Red Cross Pl,4821.06,40.69991755,-73.98971773
662,Madison St & Forest Ave,5025.02,40.70555,-73.90245
663,Carroll St & Bond St,4184.07,40.6786115,-73.99037292
664,Orchard St & Grand St,5343.11,40.717318403855785,-73.99067759513855
665,Fulton Ave & St. Paul's Pl,8152.03,40.83545,-73.90153
666,6 Ave & Walker St,5430.1,40.7197920901383,-74.0052238852195
667,11 Ave & W 27 St,6425.04,40.751396,-74.005226
668,E 26 St & 3 Ave,6089.11,40.74069317733043,-73.98160636425018
669,Greenwich St & Hubert St,5470.1,40.721319,-74.010065
670,E 4 St & Ave B,5515.08,40.72334683218016,-73.98265913128853
671,E 22 St & 2 Ave,5971.09,40.73716919369882,-73.98122549057007
672,Mercer St & Bleecker St,5679.05,40.72706363348306,-73.99662137031554
673,Riverside Dr & W 82 St,7388.1,40.78720869,-73.98128127
674,LaGuardia Pl & W 3 St,5721.14,40.72917,-73.998102
675,Amsterdam Ave & W 66 St,7149.05,40.7746671,-73.98470567
676,10 Ave & W 207 St,8613.09,40.864632,-73.918598
677,W 82 St & Central Park West,7304.08,40.78275,-73.97137
678,38 Ave & 29 St,6538.11,40.75473,-73.93367
679,47 St & 3 Ave,3243.02,40.649143,-74.012384
680,Columbus Ave & W 72 St,7175.05,40.7770575,-73.97898475
681,E 78 St & 2 Ave,7057.07,40.7727966,-73.95577801
682,Central Ave & Weirfield St,4591.04,40.69055,-73.91181
683,W 100 St & Manhattan Ave,7538.14,40.795,-73.9645
684,Metropolitan Ave & Stewart Ave,5273.01,40.71401,-73.92793
685,Driggs Ave & N 9 St,5411.08,40.71816969454208,-73.95520135760307
686,Devoe St & Lorimer St,5259.06,40.71335226222875,-73.9491033554077
687,W 165 St & Fort Washington Ave,8226.05,40.84004,-73.942939
688,Walton Ave & E 183 St,8514.05,40.858472,-73.90266
689,Bleecker St & Crosby St,5679.08,40.72615604980408,-73.99510189890862
690,Lenox Ave & W 144 St,7910.01,40.819783,-73.936521
691,Willoughby St & Fleet St,4628.05,40.69196566,-73.9813018
692,Bushwick Ave & Harman St,4640.01,40.69356,-73.92524
693,53 St & 5 Ave,3129.08,40.643371,-74.011884
694,Schermerhorn St & Court St,4565.04,40.69102925677968,-73.99183362722397
695,12 Ave & W 40 St,6765.01,40.76087502,-74.00277668
696,Stanton St & Chrystie St,5523.02,40.72229346,-73.99147535
697,Court St & State St,4488.08,40.6902375,-73.99203074
698,44 St & 2 Ave,3356.05,40.652502,-74.013587
699,Sharon St & Olive St,5323.05,40.715353,-73.93856
700,Central Ave & Himrod St,4713.01,40.69676,-73.92302
701,Audobon Ave & W 179 St,8316.02,40.847305,-73.933291
702,14 St & 7 Ave,3731.11,40.663779,-73.98396846
703,Front St & Washington St,4936.01,40.70255088,-73.98940236
704,Jerome Ave & E 181 St,8478.11,40.855653,-73.905528
705,10 St & 5 Ave,3842.08,40.6686273,-73.98700053
706,Lenox Ave & W 115 St,7627.1,40.8011939,-73.9500739
707,W 59 St & 10 Ave,7023.04,40.770513,-73.988038
708,Flushing Ave & Vanderbilt Ave,4762.05,40.69795031569544,-73.97077560424805
709,Leonard St & Maujer St,5148.03,40.7103685423523,-73.94705951213837
710,Kosciuszko St & Tompkins Ave,4553.04,40.69128258,-73.9452416
711,Myrtle Ave & Marcy Ave,4707.03,40.69539817,-73.94954908
712,Loring Pl North & W 183 St,8555.05,40.8604244,-73.9093359997
713,Dahill Rd & 12 Ave,3208.07,40.646037,-73.980963
714,Pinehurst Ave & W 187 St,8458.03,40.855331,-73.937878
715,Grand Concourse & E 205 St,8766.03,40.875531,-73.8863864831
716,E 56 St & Madison Ave,6732.01,40.761573,-73.972628
717,9 Ave & W 45 St,6717.06,40.76019252,-73.9912551
718,Broadway & W 165 St,8191.01,40.839137,-73.941409
719,W 146 St & Broadway,8018.09,40.826969,-73.949738
720,W 34 St &\tHudson Blvd E,6535.04,40.75516719072139,-74.00059908628464
721,W 34 St & 11 Ave,6578.01,40.75594159,-74.0021163
722,Kane St & Clinton St,4455.11,40.6861758,-73.99645295
723,Walton Ave & E 153 St,7945.07,40.822351,-73.926907
724,W 159 St & Edgecombe Ave,8119.05,40.833303,-73.939326
725,Lenox Ave & W 146 St,7910.1,40.821111,-73.935971
726,Gerard Ave & E 164 St,8077.07,40.830262,-73.923391
727,Nagle Ave & Thayer St,8563.06,40.861382,-73.925591
728,E 118 St & Madison Ave,7640.04,40.8014866,-73.9442507
729,Park Ave & E 124 St,7682.01,40.8045555,-73.9396861
730,E 20 St & 2 Ave,5971.08,40.73587678,-73.98205027
731,E 3 St & 1 Ave,5553.03,40.72467721,-73.98783413
732,E 141 St & Jackson Ave,7703.14,40.806896,-73.911837
733,5 Ave & E 103 St,7511.19,40.7922553,-73.95249933
734,Broad St & Bridge St,4962.08,40.70365182,-74.01167797
735,Tinton Ave & E 165 St,7991.01,40.824796,-73.90242
736,Broadway & W 185 St,8416.07,40.852538,-73.93441
737,Amsterdam Ave & W 180 St,8353.02,40.847396,-73.931205
738,S 5 Pl & S 5 St,5125.03,40.710451,-73.960876
739,DeKalb Ave & Hudson Ave,4513.06,40.689888,-73.981013
740,55 St & 5 Ave,3050.03,40.642408,-74.013318
741,6 Ave & W 34 St,6364.1,40.74964,-73.98805
742,Park Cir & East Dr,3344.02,40.651566,-73.972212
743,William St & Pine St,5065.12,40.70717936,-74.00887308
744,Steinway St & 28 Ave,6915.02,40.7656251,-73.9136695
745,49 St & 25 Ave,6804.01,40.764496,-73.904632
746,Westchester Ave & Jackson Ave,7853.01,40.816124,-73.908116
747,Morris Ave & McClellan St,8107.1,40.831584,-73.9149
748,Menahan St & Central Ave,4672.01,40.69543,-73.9196
749,Union Ave & E 169 St,8064.03,40.82995,-73.898802
750,3 Ave & Wakeman Pl,2883.03,40.638246,-74.024714
751,Riverside Dr & W 145 St,8018.04,40.827305,-73.951989
752,Irving Ave & DeKalb Ave,4898.02,40.7027,-73.92095
753,Grand Concourse & E Mosholu Pkwy S,8795.03,40.877964,-73.8847550291
754,Lincoln Ave & E 138 St,7744.06,40.810893,-73.927311
755,Davidson Ave & W Burnside Ave,8441.05,40.853646,-73.908731
756,Webster Ave & Ford St,8472.08,40.85556,-73.89615
757,Decatur Ave & Oliver Pl,8631.03,40.867,-73.8857764
758,Walton Ave & E 171 St,8249.1,40.840683,-73.915073
759,Clinton Ave & Myrtle Ave,4651.02,40.693261,-73.968896
760,E 2 St & Avenue B,5515.02,40.72217444,-73.98368779
761,E 12 St & 3 Ave,5788.12,40.73223272,-73.98889957
762,47 Ave & Skillman Ave,6237.01,40.7437524099784,-73.94176483154297
763,Irving Ave & Palmetto St,4775.01,40.698,-73.9127
764,Delancey St & Eldridge St,5414.07,40.719383,-73.991479
765,Barrow St & Hudson St,5805.05,40.73172428,-74.00674436
766,W 37 St & 5 Ave,6398.06,40.75038009,-73.98338988
767,Washington Pl & 6 Ave,5838.09,40.73224119,-74.00026394
768,University Ave & W Burnside Ave,8462.09,40.85501,-73.910751
769,E 150 St & Gerard Ave,7906.13,40.820089,-73.928947
770,E 25 St & 2 Ave,6046.02,40.73912601,-73.97973776
771,Broadway & W 58 St,6948.1,40.76695317,-73.98169333
772,Park Pl & Franklin Ave,4033.06,40.6741806,-73.9564947
773,Kent Ave & N 7 St,5489.03,40.72036775298455,-73.96165072917938
774,W 106 St & Central Park West,7606.01,40.7981856,-73.9605909006
775,Pearl St & Hanover Square,4993.02,40.7047177,-74.00926027
776,E 91 St & 2 Ave,7286.01,40.78115276427916,-73.94963040947914
777,E 68 St & 3 Ave,6896.16,40.76712840349542,-73.96224617958069
778,Astoria Park S & Shore Blvd,7159.08,40.7767,-73.927631
779,Melrose Ave & E 150 St,7879.01,40.816827,-73.917338
780,Seneca Ave & Irvine St,7883.09,40.81872569990116,-73.88862490653992
781,31 St & Ditmars Blvd,7144.02,40.776168,-73.910485
782,Ditmars Blvd & 73 St,6964.05,40.76817,-73.896293
783,E 141 St & St Ann's Ave,7722.06,40.808633,-73.916124
784,20 Ave & 38 St,7196.04,40.777112,-73.902382
785,Broadway & 12 St,6901.01,40.7668,-73.9347774
786,34 Ave & 13 St,6836.07,40.7638753,-73.9364848
787,40 Ave & Crescent St,6462.05,40.7535992020056,-73.93795609474182
788,E 167 St & Clay Ave,8088.01,40.83094,-73.91125
789,E 167 St & Franklin Ave,8048.01,40.82895,-73.90521
790,White St & Johnson Ave,5099.03,40.707174,-73.93581
791,3 Ave & E 174 St - Bathgate Vaccination Site,8241.07,40.84224,-73.8985
792,Weeks Ave & E 175 St,8340.05,40.846879,-73.907342
793,W 144 St & Adam Clayton Powell Blvd,7932.1,40.820877,-73.939249
794,76 St & 21 Ave,7032.02,40.77028,-73.893675
795,Suydam St & Knickerbocker Ave,4939.07,40.702013,-73.923769
796,7 Ave & 40 St,3266.01,40.648169,-74.000057
797,Eastern Pkwy & Washington Ave,3928.08,40.6716493,-73.9631145
798,Atlantic Ave & Fort Greene Pl,4354.07,40.68382604,-73.97632328
799,Clermont Ave & Lafayette Ave,4461.01,40.68764484,-73.96968902
800,Avenue C & E 18 St,5769.04,40.730563,-73.973984
801,Perry St & Greenwich Ave,5955.12,40.735918,-74.000939
802,8 Ave & W 27 St,6297.07,40.747968,-73.996637
803,2 Ave & E 96 St,7338.02,40.7839636,-73.9471673
804,Hudson St & W 13 St,6115.06,40.74005708567285,-74.0052741765976
805,Lafayette Ave & St James Pl,4494.04,40.68851534,-73.9647628
806,President St & Henry St,4307.13,40.6828003,-73.99990419
807,Grand Concourse & E 156 St,7984.04,40.823429,-73.924689
808,E 132 St & Madison Ave,7748.02,40.810224,-73.937195
809,Jay St & Tech Pl,4710.06,40.695065,-73.987167
810,E 41 St & Madison Ave (SE corner),6432.1,40.752049,-73.979635
811,W 100 St & Broadway,7580.01,40.7973721,-73.97041192
812,Fulton Ave & E 172 St,8186.01,40.839229,-73.899047
813,Washington Ave & Park Ave,4724.03,40.69610226,-73.96751037
814,W 56 St & 6 Ave,6809.07,40.76340613,-73.97722479
815,St James Pl & Pearl St,5167.06,40.71117416,-74.00016545
816,Greene Av & Myrtle Av,4784.02,40.698568,-73.918877
817,5 Ave & E 135 St,7769.06,40.812191,-73.937838
818,Ft. Hamilton Pkwy & E 5 St,3240.15,40.649037,-73.97673
819,Rogers Ave & Sterling St,3696.05,40.6630619,-73.9538746
820,Henry St & Degraw St,4380.08,40.6847514,-73.99917254
821,Boston Rd & Prospect Ave,8133.08,40.833246,-73.896599
822,Coffey St & Conover St,4137.1,40.677236,-74.015665
823,Lenox Ave & W 140 St,7872.03,40.817245,-73.938787
824,Frederick Douglass Blvd & W 112 St,7631.23,40.801694,-73.957145
825,Jackson Ave & 46 Rd,6203.02,40.74524768,-73.94733276
826,Amsterdam Ave & W 189 St,8432.04,40.853142,-73.927094
827,Cypress Ave & George St,4765.07,40.69812,-73.90271
828,E 58 St & Madison Ave,6839.04,40.76302594280519,-73.97209525108337
829,E 19 St & 3 Ave,5938.01,40.73624527,-73.98473765
830,Emerson Pl & Myrtle Ave,4683.02,40.69363137,-73.96223558
831,1 Ave & E 94 St,7286.05,40.7817212,-73.94594
832,E 41 St & Madison Ave (SW corner),6474.12,40.752165280621966,-73.97992193698882
833,1 Ave & E 62 St,6753.08,40.7612274,-73.96094022
834,4 Ave & 9 St,3955.05,40.6705135,-73.98876585
835,W 51 St & 6 Ave,6740.1,40.7606597,-73.98042047
836,Union St & 4 Ave,4175.15,40.6772744,-73.98282002
837,41 St & 4 Ave,3347.03,40.651354,-74.007168
838,President St & 4 Ave,4101.17,40.676757,-73.983262
839,E 8 St & Caton Ave,3272.01,40.648055,-73.972432
840,E 128 St & Madison Ave,7735.23,40.80756,-73.939182
841,3 St & Hoyt St,4110.1,40.6777287,-73.99364123
842,E 93 St & 2 Ave,7286.02,40.782454175279874,-73.9489196240902
843,2 Ave & E 31 St,6197.02,40.74290902,-73.97706058
844,Lexington Ave & E 26 St,6089.08,40.741459,-73.983293
845,E 27 St & 1 Ave,6004.06,40.739445,-73.976806
846,W 113 St & Broadway,7713.01,40.805973,-73.964928
847,Southern Blvd & E 175 St,8196.02,40.839335,-73.886445
848,Pearl St & Peck Slip,5096.11,40.708485,-74.002751
849,Creston Ave & E 181 St,8456.02,40.8549,-73.90281
850,Morton St & Washington St,5772.05,40.73115,-74.00887
851,Old Slip & South St,4993.13,40.70336686695866,-74.007867872715
852,W 129 St & Convent Ave,7818.17,40.814394437915816,-73.95324736833572
853,E 118 St & 1 Ave,7596.1,40.79747,-73.93504
854,24 Ave & 29 St,7119.04,40.7729,-73.916142
855,25 Ave & 41 St,6943.07,40.767666,-73.910963
856,Lexington Ave & E 29 St,6164.09,40.74311555376486,-73.98215353488922
857,Broadway & W 61 St,7014.12,40.77003010255044,-73.9819684624672
858,E 88 St & Park Ave,7293.1,40.781410700190015,-73.95595908164978
859,28 Ave & 35 St,6951.03,40.7671,-73.9169858
860,Longwood Ave & Southern Blvd,7849.1,40.816343,-73.896447
861,41 St & 3 Ave,3388.02,40.652512,-74.008906
862,3 Ave & E 112 St,7543.15,40.795508,-73.941606
863,Cathedral Pkwy & Broadway,7680.03,40.804213,-73.96699104
864,W 47 St & 10 Ave,6824.07,40.76269882,-73.99301222
865,E 16 St & Irving Pl,5938.11,40.735367055605394,-73.98797392845154
866,1 Ave & E 18 St,5854.09,40.73381219196632,-73.98054420948029
867,Adam Clayton Powell Blvd & W 130 St,7774.02,40.812346,-73.946168
868,3 St & 3 Ave,4028.03,40.6750705,-73.98775226
869,E 44 St & Lexington Ave,6464.09,40.752643,-73.974996
870,Lewis Ave & Madison St,4425.02,40.686312,-73.935775
871,Montrose Ave & Bushwick Ave,5068.02,40.70767788,-73.94016171
872,St. Ann's Ave & E 144 St,7755.03,40.811112,-73.914932
873,W 22 St & 8 Ave,6224.03,40.74475148,-73.99915362
874,Windsor Pl & 8 Ave,3620.02,40.660906,-73.983074
875,Driggs Ave & N Henry St,5542.04,40.72325,-73.94308
876,Wards Meadow Comfort Station,7327.01,40.78294,-73.93077
877,Fulton St & Waverly Ave,4345.11,40.68323865460341,-73.96599590778351
878,Pleasant Ave & E 120 St,7579.01,40.7974772,-73.9311847
879,24 St & 5 Ave,3555.04,40.659555,-73.995068
880,Eldert St & Bushwick Ave,4399.03,40.68652,-73.91321
881,Macon St & Nostrand Ave,4214.03,40.6809833854,-73.9500479759
882,3 Ave & E 100 St,7414.17,40.7877214,-73.94728331
883,Calyer St & Guernsey St,5709.03,40.72755807335852,-73.95505852997303
884,Southern Blvd & E 174 St,8163.05,40.836733,-73.887931
885,Driggs Ave & Lorimer St,5481.04,40.72179134,-73.9504154
886,Fulton St & Broadway,5175.08,40.711066,-74.009447
887,Amsterdam Ave & W 162 St,8172.07,40.83618,-73.939789
888,Wyckoff Ave & Gates Ave,4847.03,40.699871408829885,-73.91171872615814
889,St Ann's Ave & Westchester Ave,7835.1,40.815887,-73.911918
890,Broadway & W 37 St,6441.02,40.75172632,-73.98753523
891,Nassau Ave & Newell St,5623.03,40.724812564400175,-73.94752621650696
892,W 116 St & Broadway,7713.11,40.8082,-73.9641
893,5 Av & W 139 St,7851.04,40.815484,-73.935856
894,Ashland Pl & Dekalb Ave,4513.09,40.690065,-73.978776
895,Graham Ave & Herbert St,5403.05,40.71929301,-73.94500379
896,34 St & 38 Ave,6453.02,40.752443,-73.929737
897,Clay Ave & E 173 St,8281.06,40.843264,-73.904867
898,DeKalb Ave & Vanderbilt Ave,4461.04,40.68940747,-73.96885458
899,6 Ave & 12 St,3803.05,40.6663181,-73.9854617
900,17 St & 5 Ave,3699.07,40.663493,-73.991007
901,Dock 72 Way & Market St,4804.02,40.69985,-73.97141
902,Dean St & Franklin Ave,4107.13,40.67759206937376,-73.955637216568
903,Court St & Nelson St,4077.07,40.6763947,-73.99869893
904,Myrtle Ave & Fleet Pl,4628.07,40.693534,-73.981909
905,Lincoln Pl & Classon Ave,3960.01,40.6721683,-73.9609
906,W 36 St & 7 Ave,6483.06,40.752149,-73.989539
907,Carlton Ave & Park Ave,4732.04,40.69580705,-73.97355569
908,Spruce St & Gold St,5137.13,40.7103231,-74.0043228
909,58 St & 32 Ave,6579.03,40.75574,-73.903427
910,Vernon Blvd & 47 Rd,6212.08,40.7449067,-73.9534573
911,Little West St & 1 Pl,5001.08,40.70569254,-74.01677685
912,Bronx Shore Comfort Station,7618.01,40.80046,-73.92404
913,Broadway & W 56 St,6847.02,40.7652654,-73.98192338
914,Central Park W & W 91 St,7453.01,40.78866499127884,-73.96680057048798
915,Sunken Meadow Comfort Station,7571.01,40.79558,-73.91906
916,36 Ave & 10 St,6737.03,40.7614376,-73.9411265
917,W 42 St & 6 Ave,6517.08,40.75492,-73.98455
918,W 92 St & Broadway,7502.01,40.7921,-73.9739
919,Clinton St & Tillary St,4748.07,40.69623297129316,-73.99142056703568
920,Louis Nine Blvd & Intervale Ave,8114.02,40.831998,-73.892686
921,Cliff St & Fulton St,5065.14,40.70838,-74.00495
922,E 47 St & Park Ave,6584.12,40.75510267,-73.97498696
923,53 St & 2 Ave,3211.06,40.64744,-74.018846
924,20 Ave & 42 St,7163.07,40.775415,-73.900063
925,Bayard St & Leonard St,5442.05,40.71915571696044,-73.94885390996933
926,48 St & 5 Ave,3202.06,40.646351,-74.009271
927,E 60 St & York Ave,6682.08,40.759107,-73.959223
928,E 4 St & 2 Ave,5593.04,40.7262807,-73.98978041
929,9 Ave & W 18 St,6190.08,40.74317449,-74.00366443
930,W 18 St & 6 Ave,6064.08,40.73971301,-73.99456405
931,Clinton Ave & Flushing Ave,4762.04,40.69794,-73.96986848
932,Amsterdam Ave & W 167 St,8206.17,40.839443,-73.937044
933,Walton Ave & E 168 St,8179.03,40.83649,-73.918316
934,Allen St & Stanton St,5484.09,40.722055,-73.989111
935,E 157 St & River Ave,8005.03,40.825737,-73.927311
936,Prospect Ave & E 151 St,7830.03,40.814232,-73.903927
937,Metropolitan Ave & Vandervoort Ave,5241.02,40.71429,-73.93323
938,Amsterdam Ave & W 152 St,8069.01,40.829523,-73.944279
939,St. Nicholas Terrace & Convent Ave,7937.15,40.821294,-73.947868
940,1 Ave & E 78 St,7020.09,40.77140426,-73.9535166
941,Central Ave & Flushing Ave,4947.04,40.702831,-73.9333
942,W 48 St &  Rockefeller Plaza,6626.11,40.75776935448309,-73.97929430007935
943,21 Ave & Crescent St,7284.01,40.780478,-73.912212
944,62 St & Northern Blvd,6536.02,40.754176,-73.900318
945,Steinway St & Ditmars Blvd,7074.01,40.772717,-73.906127
946,E 92 St & Park Ave,7344.06,40.78385,-73.95416
947,Lenox Ave & W 126 St,7720.03,40.808442,-73.9452087
948,Anderson Ave & W 164 St,8096.03,40.832057,-73.927421
949,Hicks St & Montague St,4645.09,40.69512845,-73.99595065
950,West End Ave & W 94 St,7524.09,40.7941654,-73.974124
951,West End Ave & W 78 St,7340.07,40.783786,-73.981687
952,Broadway & W 122 St,7783.18,40.8120562,-73.9612547
953,Broadway & Morris St,5033.01,40.705945132708806,-74.01321887969969
954,43 St & 23 Ave,7009.06,40.769673,-73.906018
955,8 Ave & W 31 St,6450.05,40.7505853470215,-73.9946848154068
956,Madison Ave & E 120 St,7667.04,40.80295,-73.942954
957,Kent Ave & S 11 St,5062.01,40.707645,-73.968415
958,23 Ave & 27 St,7178.02,40.776165,-73.9153175
959,20 Ave & Shore Blvd,7391.02,40.785994,-73.915098
960,W 21 St & 6 Ave,6140.05,40.74173969,-73.99415556
961,N 6 St & Bedford Ave,5379.1,40.71745169,-73.95850939
962,Division Ave & Hooper St,5045.05,40.70684203101325,-73.9544353965357
963,31 St & Newtown Ave,6923.2,40.7675487799971,-73.9209334552288
964,38 St & 30 Ave,6850.01,40.764174520197685,-73.91583994030952
965,Banker St & Meserole Ave,5633.04,40.72606,-73.95621
966,21 St & 43 Ave,6395.01,40.75052534,-73.94594845
967,2 Ave & E 72 St,6925.09,40.7687620293096,-73.95840793848038
968,McGuinness Blvd & Eagle St,5977.01,40.73555,-73.95284
969,Franklin St & W Broadway,5430.08,40.71911552,-74.00666661
970,Eastern Pkwy & Franklin Ave,3919.07,40.6707767,-73.9576801
971,Catherine St & Monroe St,5128.04,40.71117444,-73.99682619
972,Menahan St & Wyckoff Ave,4890.11,40.70113,-73.91422
973,E 33 St & 5 Ave,6322.01,40.74765947,-73.98490707
974,E 11 St & 3 Ave,5788.16,40.73127,-73.98849
975,49 Ave & 21 St,6128.04,40.74252,-73.948852
976,8 Ave & W 52 St,6816.07,40.76370739,-73.9851615
977,E 66 St & Madison Ave,6969.08,40.76800889305947,-73.96845281124115
978,Hudson St & N Moore St,5470.13,40.71988799798129,-74.0086269378662
979,Westchester Ave & Longwood Ave,7909.07,40.819701,-73.901311
980,Cambridge Pl & Gates Ave,4377.04,40.68488,-73.96304
981,W 54 St & 11 Ave,6955.05,40.768333,-73.992573
982,E 53 St & Madison Ave,6659.03,40.7597108,-73.97402311
983,W 87 St & Amsterdam Ave,7458.03,40.78839,-73.9747
984,Broadway & W 133 St,7903.02,40.8190344,-73.956156
985,W 170 St & University Ave,8254.01,40.84207,-73.926075
986,Central Park West & W 85 St,7354.01,40.78476,-73.969862
987,Nelson Ave & 167 St,8183.08,40.83670566862804,-73.92608866095543
988,Bank St & Hudson St,5922.08,40.73652889,-74.00618026
989,Broadway & W 41 St,6560.01,40.75513557,-73.98658032
990,E 68 St & Madison Ave,6932.15,40.7691572,-73.96703464
991,E 72 St & Park Ave,6998.08,40.77118287540658,-73.96409422159195
992,Jerome Ave & W Fordham Rd,8586.09,40.86294,-73.90108
993,Richards St & Delavan St,4202.04,40.6794327,-74.00785041
994,E 58 St & 3 Ave,6762.02,40.76095756,-73.96724467
995,Canal St & Rutgers St,5303.08,40.71427487,-73.98990025
996,Atlantic Ave & Furman St,4614.04,40.69165183,-73.9999786
997,E 54 St & 1 Ave,6608.09,40.756265,-73.964179
998,Caton Ave & E 7 St,3199.01,40.647718,-73.973663
999,E 174 St & Longfellow Ave,8144.09,40.836274,-73.884308
1000,Cherry St,5181.04,40.71219906,-73.97948148
1001,Lexington Ave & E 127 St,7662.13,40.805726,-73.936322
1002,E 15 St & 3 Ave,5863.07,40.734232,-73.986923
1003,Riverside Dr & W 78 St,7340.06,40.78414472,-73.98362492
1004,Lefferts Pl & Franklin Ave,4222.02,40.680342423,-73.9557689392
1005,Broadway & Hancock St,4441.06,40.68663,-73.9168
1006,Gansevoort St & Hudson St,6072.14,40.73944820130404,-74.00507032871246
1007,E 9 St & 5 Ave,5872.1,40.73275887045087,-73.99581670761108
1008,W 30 St & 8 Ave,6373.07,40.74965268472847,-73.9952078461647
1009,W 46 St & 11 Ave,6795.01,40.76341379,-73.99667444
1010,Carlton Ave & Dean St,4199.12,40.6809741,-73.9710097
1011,6 Ave & Broome St,5610.09,40.72431,-74.00473
1012,Ft. Washington Ave & W 190 St,8496.01,40.856906,-73.935662
1013,Broadway & W 155 St,8123.02,40.83299,-73.94592
1014,E 85 St & York Ave,7146.04,40.77536905,-73.94803392
1015,Bergen St & 4 Ave,4322.06,40.68256425759694,-73.9798977971077
1016,Hamilton Pl & W 138 St,7920.01,40.821728,-73.952761
1017,Broadway & Madison St,4483.1,40.68822,-73.91966
1018,Rivington St & Ridge St,5406.02,40.71850211,-73.98329859
1019,St. Nicholas Ave & W 157 St,8085.09,40.832314,-73.94102
1020,W 25 St & 6 Ave,6215.04,40.74395411,-73.99144871
1021,Greenwood Ave & E 4 St,3353.04,40.650739,-73.977739
1022,Somers St & Broadway,4203.04,40.67945,-73.90474
1023,Morningside Ave & W 123 St,7741.01,40.81,-73.9551508
1024,Ogden Ave & W 165 St,8149.09,40.834457,-73.928381
1025,W 64 St & Thelonious Monk Circle,7123.04,40.77515953434235,-73.98918695747852
1026,W 55 St & 6 Ave,6809.09,40.763189,-73.978434
1027,Jefferson St & Cypress Ave,5082.08,40.70907,-73.92157
1028,E 63 St & 3 Ave,6830.02,40.763954,-73.9646
1029,30 Ave & 21 St,6996.01,40.7703743,-73.9286078
1030,University Pl & E 14 St,5905.14,40.734814,-73.992085
1031,E 51 St & 1 Ave,6532.06,40.75455731,-73.96592976
1032,Broadway\t& W 48 St,6708.04,40.76017739537783,-73.98486793041229
1033,Albany Ave & Fulton St,4237.02,40.6800105,-73.938475
1034,W 87 St & West End Ave,7484.05,40.789622,-73.97757
1035,Wolcott St & Dwight St,4054.02,40.6753274,-74.0100698
1036,W 42 St & 8 Ave,6602.05,40.7575699,-73.99098507
1037,Garfield Pl & 8 Ave,3978.13,40.6711978,-73.97484126
1038,Berkeley Pl & 7 Ave,4051.01,40.675146838709786,-73.97523209452629
1039,Underhill Ave & Pacific St,4231.04,40.6804836,-73.9646795
1040,14 St & 5 Ave,3771.06,40.666287,-73.98895053
1041,W 56 St & 10 Ave,6955.01,40.768254,-73.988639
1042,E 77 St & 3 Ave,7092.06,40.77314236,-73.95856158
1043,W 15 St & 6 Ave,5989.02,40.738046142482766,-73.99642959237099
1044,Bank St & Washington St,5964.01,40.7361967,-74.00859207
1045,W 12 St & Hudson St,5997.1,40.73752993301071,-74.00558933615685
1046,E 5 St & Cooper Sq,5712.12,40.72769,-73.990993
1047,W 13 St & 7 Ave,6030.04,40.73781509,-73.99994661
1048,E 23 St & 1 Ave,5929.01,40.736502,-73.97809472
1049,Withers St & Kingsland Ave,5362.08,40.71773,-73.94051
1050,DeKalb Ave & Franklin Ave,4528.01,40.69064807082943,-73.95746178925037
1051,Intervale Ave & Westchester Ave,7948.1,40.821967,-73.896752
1052,Stuyvesant Walk & 1 Av Loop,5854.1,40.732339777151054,-73.97898383438587
1053,E 144 St & Brook Ave,7777.02,40.811675,-73.917037
1054,Goulden Ave & W 197 St,8707.01,40.87156,-73.89714
1055,W 15 St & 10 Ave,6115.09,40.74275382865903,-74.00747358798981
1056,Waterbury St & Stagg St,5099.02,40.71019,-73.93734
1057,43 St & 37 Ave,6401.01,40.750181,-73.919998
1058,Fort Washington Ave & W 173 St,8320.01,40.84522,-73.940493
1059,Willoughby St & Ashland Pl,4587.02,40.69178,-73.97877
1060,Melrose St & Broadway,4801.04,40.697481,-73.935877
1061,St Johns Pl & Washington Ave,4001.09,40.6737236,-73.9631611
1062,E 12 St & Ave C,5616.08,40.727243,-73.976831
1063,52 St & 6 Ave,3084.05,40.642703,-74.009441
1064,E 116 St & 2 Ave,7563.06,40.796879,-73.937261
1065,2 Ave & E 55 St,6650.08,40.757920208794026,-73.96638214588165
1066,Stockholm St & Wilson Ave,4824.03,40.699304,-73.923044
1067,E 135 St & St Ann's Ave,7687.05,40.805089,-73.918889
1068,Madison St & Cypress Ave,4807.02,40.70068,-73.90742
1069,24 St & 41 Ave,6505.09,40.752474,-73.939991
1070,Bushwick Ave & Linden St,4600.09,40.69146,-73.92146
1071,Rogers Pl & E 165 St,7987.14,40.82388366441761,-73.8974027708582
1072,Steinway St & Broadway,6711.13,40.75905795418586,-73.91897544264793
1073,Amsterdam Ave & W 156 St,8104.1,40.832081,-73.942386
1074,Prospect Park SW & Greenwood Ave,3385.06,40.652563,-73.972573
1075,E 153 St & E 157 St,8025.01,40.826677,-73.929327
1076,Caton Ave & E 10 St,3230.01,40.648481,-73.97058
1077,Bedford Ave & Montgomery St,3736.03,40.665816,-73.956934
1078,Central Ave & Decatur St,4432.1,40.6882,-73.90798
1079,E 160 St & Tinton Ave,7931.05,40.820302,-73.903944
1080,Dyckman St & Henshaw St,8636.04,40.867357,-73.92936
1081,31 Ave & 30 St,6857.09,40.7647,-73.9240312
1082,Grand Concourse & E 166 St,8092.06,40.83196,-73.91956
1083,Irving Ave & Halsey St,4695.04,40.69467,-73.90663
1084,5 Ave & E 93 St,7372.1,40.7857851,-73.957481
1085,E 89 St & York Ave,7204.08,40.7779453,-73.946041
1086,19 St & 8 Ave,3547.04,40.658489,-73.985543
1087,W 218 St & Indian Rd,8732.04,40.873054589370895,-73.91837194561958
1088,Faile St & Garrison Ave,7922.01,40.820578,-73.888271
1089,Hancock St & Wyckoff Ave,4735.16,40.6972,-73.90674
1090,Frederick Douglass Blvd & W 139 St,7876.07,40.81900581806558,-73.94476890563965
1091,Willoughby Ave & Onderdonk Ave,5115.05,40.7098,-73.91727
1092,University Ave & Macombs Rd,8344.09,40.8496401,-73.9161206
1093,12 Ave & W 125 St,7886.02,40.818299,-73.960405
1094,Greene Ave & Nostrand Ave,4519.02,40.6883337,-73.950916
1095,Monroe St & Bedford Ave,4368.05,40.6851443,-73.95380904
1096,Greene Ave & Grandview Ave,5106.04,40.709697,-73.907856
1097,Sherman Ave & E 166 St,8072.06,40.83130549267296,-73.91744792461395
1098,Clark St & Henry St,4789.03,40.69760127,-73.99344559
1099,Milton St & Franklin St,5752.07,40.72906,-73.95779
1100,Sullivan St & Washington Sq,5721.01,40.73047747,-73.99906065
1101,Linden St & Knickerbocker Ave,4743.04,40.69714,-73.91566
1102,Allen St & Hester St,5342.1,40.71605866,-73.99190759
1103,Madison Av & E 51 St,6659.09,40.75863,-73.97513
1104,Grand Concourse & E 164 St,8057.02,40.829608,-73.921461
1105,E 51 St & 2 Ave,6575.03,40.755293,-73.967641
1106,W 13 St & 5 Ave,5947.04,40.735445,-73.99431
1107,1 Ave & E 30 St,6079.03,40.74144387,-73.97536082
1108,W 44 St & 5 Ave,6551.02,40.75500254,-73.98014437
1109,Pier 40 - Hudson River Park,5696.03,40.7277140777778,-74.01129573583603
1110,E 17 St & Broadway,5980.07,40.73704984,-73.99009296
1111,Myrtle Ave & Linden St,4816.02,40.69943,-73.91337
1112,Calyer St & Jewel St,5743.02,40.72984,-73.94839
1113,DeKalb Ave & S Portland Ave,4546.04,40.68981035,-73.97493121
1114,Water St & Main St,4936.14,40.703212,-73.990409
1115,Meserole Ave & Manhattan Ave,5666.04,40.72708584,-73.95299117
1116,1 Ave & E 39 St,6303.01,40.74714,-73.97113
1117,E 81 St & York Ave,7084.12,40.7728384,-73.94989233
1118,Grand Concourse & E 192 St,8601.04,40.86448,-73.89522
1119,7 St & 5 Ave,3914.02,40.6704922,-73.98541675
1120,Central Ave & Starr Street,4792.03,40.700003,-73.92834
1121,West Broadway & Watts St,5569.07,40.72323,-74.00314
1122,Wadsworth Ave & W 175 St,8299.03,40.846052,-73.937648
1123,Bushwick Ave & Dekalb Ave,4680.05,40.69502,-73.92825
1124,11 St & 43 Ave,6438.04,40.7519071,-73.9479119
1125,University Pl & E 8 St,5755.14,40.73143724085228,-73.99490341544151
1126,E 7 St & Avenue A,5626.07,40.72621788,-73.98379855
1127,W 17 St & 8 Ave,6148.02,40.74177603,-74.00149746
1128,W 11 St & 6 Ave,5914.03,40.73532427,-73.99800419
1129,Central Ave & Woodbine St,4632.1,40.69296,-73.91605
1130,31 St & 23 Ave,7144.01,40.7747878,-73.9125551
1131,Decatur Ave & Bedford Park Blvd,8664.06,40.86813,-73.88412
1132,21 St & 21 Ave,7314.03,40.782465,-73.914527
1133,Dean St & Hoyt St,4446.05,40.6864442,-73.98759104
1134,Huron St & Franklin St,5869.04,40.73266,-73.95826
1135,St Nicholas Ave & W 137 St,7898.03,40.818477,-73.947568
1136,5 Ave & W 131 St,7735.05,40.81014,-73.93973
1137,34 Ave & 38 St,6638.01,40.756913,-73.921631
1138,E 6 St & Avenue D,5506.14,40.72228087,-73.97668709
1139,W 42 St & Dyer Ave,6644.07,40.75898481399634,-73.99379968643188
1140,E 81 St & 3 Ave,7154.07,40.77573034,-73.9567526
1141,Clinton St & Joralemon St,4605.04,40.69239502,-73.99337909
1142,E 27 St & Park Ave S,6131.13,40.74275179648995,-73.9847157150507
1143,Riverside Dr & W 91 St,7524.16,40.79313480986663,-73.97700369358063
1144,Macombs Pl & W 152 St,8029.28,40.826406,-73.937948
1145,W 49 St & 8 Ave,6747.06,40.76227205,-73.98788205
1146,E 106 St & 2 Ave,7482.15,40.790586067792006,-73.94195795059204
1147,46 St & 6 Ave,3161.02,40.645921,-74.005708
1148,Broadway & W 131 St,7865.09,40.817555,-73.957163
1149,35 St & 21 Ave,7170.04,40.776745,-73.906558
1150,S 4 St & Rodney St,5156.05,40.70934,-73.95608
1151,Washington St & Laight St,5509.02,40.72231,-74.0106
1152,Broadway & Roebling St,5125.07,40.70924826276157,-73.96063148975372
1153,E 10 St & Avenue A,5659.05,40.72740794,-73.98142006
1154,E 14 St & Avenue B,5736.09,40.72938685,-73.97772429
1155,27 St & Hunter St,6310.06,40.7485,-73.941275
1156,Nostrand Ave & Myrtle Ave,4707.04,40.69527008,-73.95238108
1157,34 St & 4 Ave,3492.04,40.655278,-74.003101
1158,W 29 St & 9 Ave,6416.06,40.7500727,-73.99839279
1159,20 Ave & 31 St,7256.01,40.78001336610564,-73.90667617321014
1160,Amsterdam Ave & W 119 St,7727.08,40.80863217506367,-73.95958609887202
1161,48 St & 37 Ave,6435.02,40.751555,-73.915026
1162,Convent Ave & W 151 St,8049.1,40.82831,-73.942924
1163,Lexington Ave & E 120 St,7652.04,40.8013066,-73.9398167
1164,W 140 St & Riverside Dr,7981.27,40.824013,-73.954743
1165,Broadway & 49 St,6587.04,40.755389,-73.911517
1166,E 75 St & 3 Ave,6991.12,40.77112927,-73.95772297
1167,W 18 St & 9 Ave,6190.03,40.7435337324616,-74.00367558002472
1168,Mt Morris Park W & W 120 St,7685.14,40.804038,-73.945925
1169,St Nicholas Ave & W 134 St,7837.3,40.816234,-73.948222
1170,Adam Clayton Powell Blvd & W 115 St,7643.18,40.802535,-73.9532423
1171,Newtown Ave & 23 St,7026.08,40.7713615,-73.9246145
1172,Broadway & W 220 St,8715.01,40.872412,-73.912807
1173,Union Ave & Wallabout St,4818.03,40.70029511,-73.95032283
1174,34 Ave & 21 St,6798.01,40.7628138,-73.9342862
1175,W 135 St & Lenox Terrace Pl,7832.04,40.813619,-73.939336
1176,Courtlandt Ave & E 149 St,7840.05,40.816402,-73.919549
1177,W 163 St & Riverside Dr,8210.01,40.839278,-73.945446
1178,St. Nicholas Ave & W 155 St,8085.05,40.830663,-73.941323
1179,21 St & Queens Plaza North,6471.02,40.75325964,-73.94335788
1180,21 Ave & 80 St,7060.02,40.770888,-73.889914
1181,E Mosholu Pkwy & Van Cortlandt Ave E,8778.01,40.87656,-73.88366
1182,E 6 St & 2 Ave,5669.12,40.72737869323223,-73.98840844631195
1183,Jackson St & Leonard St,5332.1,40.71638031973561,-73.94821286201477
1184,Ft. Hamilton Pkwy & E 2 St,3280.04,40.648005,-73.979342
1185,Pacific St & Nevins St,4362.04,40.6853761,-73.98302136
1186,W Tremont Ave & Matthewson Rd,8428.04,40.853827,-73.920765
1187,Prospect Ave & Jennings St,8099.04,40.831762,-73.896853
1188,Steinway St & 19 Ave,7220.01,40.778089,-73.899558
1189,Flatbush Ave & Eastern Pkwy,3856.03,40.668757,-73.966438
1190,Chester Ave & 12 Ave,3135.04,40.644367,-73.984276
1191,E 58 St & 1 Ave (NE Corner),6682.03,40.75892386377695,-73.96226227283478
1192,Riverside Blvd & W 67 St,7183.03,40.777507027547976,-73.98888587951659
1193,35 St & Broadway,6750.16,40.760339,-73.9222427
1194,35 Ave & 37 St,6563.12,40.7557327,-73.9236611
1195,Madison St & Evergreen Ave,4560.01,40.69122,-73.91693
1196,E 13 St & Avenue A,5779.09,40.72966729392978,-73.98067966103554
1197,Sherman Ave & Thayer St,8583.02,40.863124,-73.926994
1198,Park Ave & E 162 St,8016.07,40.825716,-73.915585
1199,Avenue D & E 12 St,5575.08,40.72580614,-73.97422494
1200,Seaman Ave & Isham St,8665.02,40.86989866194045,-73.92076313495636
1201,W 35 St & 9 Ave,6569.09,40.75414519263519,-73.9960889518261
1202,Broadway & W 192 St,8511.08,40.857994,-73.932173
1203,Carroll St & 5 Ave,4060.09,40.6751622,-73.9814832
1204,Old Fulton St,4903.08,40.70277159,-73.99383605
1205,W 186 St & St. Nicholas Ave,8416.1,40.852253,-73.931308
1206,Schermerhorn St & Bond St,4479.08,40.688417427540834,-73.98451656103134
1207,E 103 St & Lexington Ave,7463.09,40.7903051,-73.94755757
1208,Grand Concourse & E 199 St,8703.05,40.87142,-73.88839
1209,Madison Ave & E 26 St,6131.12,40.742684734875695,-73.98671329021454
1210,Clay Ave & Claremont Pkwy,8225.05,40.83999,-73.90549
1211,Southern Blvd & E 142 St,7719.13,40.807347437082,-73.90809774398804
1212,Sullivan Pl & Franklin Ave,3704.08,40.66407983678161,-73.96025128666679
1213,Adam Clayton Powell Blvd & W 151 St,8009.05,40.825289,-73.936232
1214,Warren St & Court St,4413.08,40.686371,-73.99383324
1215,Willoughby Ave & Wyckoff Ave,5010.02,40.705614,-73.92153
1216,7 Ave & 41 St,3192.05,40.647379,-74.000911
1217,Grand Concourse & E 167 St,8126.07,40.834263,-73.917641
1218,Grand St & Samuel Dickstein Plaza,5335.07,40.71511871996496,-73.98417055606842
1219,Bushwick Ave & Forrest St,4914.03,40.70076,-73.93641
1220,Southern Blvd & Tiffany St,7867.04,40.818185,-73.894143
1221,E 165 St & Jerome Ave,8130.02,40.83263,-73.925101
1222,Lewis Ave & Kosciuszko St,4617.01,40.69237074,-73.93705428
1223,Engert Ave & McGuinness Blvd,5473.03,40.72158,-73.94546
1224,Kosciuszko St & Nostrand Ave,4519.04,40.69072549,-73.95133465
1225,Ditmars Blvd & 48 St,6935.01,40.769219,-73.901001
1226,Leonard St & Nassau Ave,5550.09,40.7239567849954,-73.94984364509583
1227,Frederick Douglass Blvd & Harlem River Dr,8100.01,40.830702,-73.936371
1228,E 170 St & Webster Ave,8156.03,40.83617913677475,-73.90730146322765
1229,W 181 St & Riverside Dr,8381.04,40.85168,-73.94186
1230,E 6 St & Avenue B,5584.04,40.72453734,-73.98185424
1231,34 Ave & 45 St,6596.1,40.754795,-73.917014
1232,1 Ave & E 68 St,6822.09,40.76500525,-73.95818491
1233,Leonard St & Boerum St,5036.06,40.70583339,-73.94644578
1234,Amsterdam Ave & W 183 St,8353.09,40.84925,-73.93022
1235,Graham Ave & Conselyea St,5291.05,40.715143,-73.944507
1236,McDonald Ave & Vanderbilt St,3394.03,40.651654,-73.981231
1237,Green St & McGuinness Blvd,5860.02,40.73396,-73.95204
1238,Myrtle Ave & Lewis Ave,4729.01,40.69681963,-73.93756926
1239,Menahan St & Seneca Ave,4963.13,40.70461,-73.91054
1240,67 St & Erik Pl,2733.03,40.633385,-74.016562
1241,7 Ave & 22 St,3515.01,40.658029,-73.989605
1242,W 50 St & 10 Ave,6890.06,40.76473420006519,-73.99194359779358
1243,Prospect Park W & 20 St,3507.04,40.656633,-73.983864
1244,Morgan Ave & Maspeth Ave,5354.01,40.716657,-73.93637
1245,E 167 St & Bryant Ave,8040.03,40.826706,-73.888719
1246,E 156 & Brook Ave,7896.11,40.819823,-73.912411
1247,Riverside Dr & W 153 St,8108.02,40.832164,-73.949702
1248,Evergreen Ave & Noll St,4873.08,40.70106,-73.93318
1249,35 St & 23 Ave,7047.07,40.77301508291382,-73.91119033098221
1250,Convent Ave & W 135 St,7860.08,40.818215,-73.950988
1251,Yankee Ferry Terminal,4440.02,40.687066,-74.016756
1252,50 St & 30 Ave,6735.03,40.760083,-73.907107
1253,Adam Clayton Powell Blvd & W 123 St,7704.04,40.8078316,-73.949373
1254,Riverside Dr & W 104 St,7623.13,40.8013434,-73.9711457439
1255,Prospect Park SW & 10 Ave,3611.02,40.659945,-73.977504
1256,Franklin Ave & Myrtle Ave,4715.01,40.694546087246025,-73.95801365375519
1257,37 St & 24 Ave,6981.16,40.7701477,-73.9120938
1258,Irving Ave & Jefferson St,5051.02,40.70538,-73.92535
1259,16th St & 4th Ave,3811.05,40.666197,-73.992466
1260,Kenmare St & Elizabeth St,5453.06,40.72054,-73.9949
1261,Cauldwell Ave & E 161 St,7952.02,40.82188,-73.907521
1262,Old Broadway & W 133 St,7881.09,40.818212,-73.955277
1263,Prospect Pl & Underhill Ave,4116.08,40.6769694,-73.96579
1264,Henry St & Bay St,3972.08,40.6725058,-74.00494695
1265,Norman St & Wyckoff Ave,4654.01,40.69517,-73.90311
1266,34 Ave & 31 St,6720.07,40.759604471387945,-73.92714411020279
1267,Soissons Landing,4590.01,40.69231660719192,-74.01486575603485
1268,White St & Moore St,4987.06,40.704508,-73.9351
1269,Isham St & Broadway,8665.09,40.86788,-73.919685
1270,Grand Concourse & E 161 St,8021.11,40.82713380423556,-73.9227358996868
1271,55 St & 7 Ave,2951.05,40.639673,-74.008957
1272,46 St & 25 Ave,6907.03,40.765753,-73.90676
1273,W 192 St & University Ave,8639.01,40.866899,-73.901942
1274,Picnic Point,4374.01,40.685126,-74.025353
1275,Pioneer St & Van Brunt St,4169.04,40.679043,-74.011169
1276,Gerard Ave & McClellan St,8145.03,40.833909,-73.92112
1277,Lorimer St & Broadway,4965.01,40.70411791,-73.94818595
1278,49 St & 31 Ave,6662.01,40.758057,-73.909831
1279,E 149 St & Jackson Ave,7812.01,40.813135,-73.909235
1280,Prospect Ave & E 167 St,8008.03,40.826303,-73.898751
1281,Westchester Ave & Southern Blvd,8004.03,40.824956,-73.891677
1282,Columbus Ave & W 103 St,7595.17,40.7969347,-73.9643412291
1283,Broadway & W 160 St,8157.06,40.835775,-73.9434
1284,E 163 St & Tiffany St,7927.08,40.821075,-73.895069
1285,27 Ave & 9 St,7098.05,40.7739825,-73.9309134
1286,Steinway St & 21 Ave,7137.04,40.774798,-73.903787
1287,8 St & Astoria Blvd,7068.07,40.7725996921817,-73.93266275525093
1288,Greenwich Ave & 8 Ave,6072.06,40.7390169121,-74.0026376103
1289,57 St & 4 Ave,3093.07,40.642622,-74.016866
1290,E 149 St & Eagle Ave,7793.02,40.814046,-73.91186
1291,McKibbin St & Manhattan Ave,4996.08,40.70510918,-73.94407279
1292,Paul Ave & Mosholu Pkwy,8811.01,40.8802945,-73.8860653648
1293,Hanson Pl & Ashland Pl,4395.07,40.68506807308177,-73.97790759801863
1294,9 Ave & W 22 St,6266.06,40.7454973,-74.00197139
1295,Nelson Ave & W 172 St,8290.01,40.843965,-73.920999
1296,St Mary's St & Jackson Ave,7737.06,40.808891,-73.91081
1297,4 Ave & 3 St,4028.04,40.673746,-73.985649
1298,Duane St & Hudson St,5359.12,40.71703,-74.00925
1299,E 2 St & Avenue A,5553.1,40.72307749068673,-73.98583620786667
1300,Lincoln Ave & E 134 St,7712.06,40.808484,-73.928803
1301,19 St & 24 Ave,7186.15,40.7774552,-73.9225403
1302,Forsyth St & Canal St,5270.07,40.7158155,-73.99422366
1303,Avenue D & E 10 St,5575.13,40.72506551015475,-73.97515833377838
1304,Vernon Blvd & 41 Rd,6514.08,40.7552433,-73.9485678
1305,Cedar Ave & W Fordham Rd,8575.02,40.86156,-73.91219
1306,9 Ave & W 206 St,8594.02,40.86308937813274,-73.9175833761692
1307,Gerard Ave & E 146 St,7868.05,40.817755,-73.92965
1308,Amsterdam Ave & W 172 St,8242.04,40.842173,-73.935111
1309,5 Ave & W 126 St,7701.21,40.80722,-73.9418
1310,Longfellow Ave & E 165 St,7983.04,40.825322,-73.887729
1311,Menahan St & Onderdonk Ave,5034.03,40.70553,-73.9096
1312,Sedgwick Ave & W Tremont Ave,8428.03,40.853157,-73.918214
1313,Warren St & W Broadway,5288.09,40.71473993,-74.00910627
1314,Fairview Ave & Linden St,5066.03,40.70694,-73.90632
1315,Crotona Park North & Prospect Ave,8236.01,40.841092,-73.892317
1316,6 Ave & 21 St,3628.11,40.66016,-73.990974
1317,45 Rd & 11 St,6319.01,40.74708586,-73.94977234
1318,58 St & 2 Ave - Brooklyn Army Terminal Vaccination Site,3138.09,40.644512,-74.021506
1319,Knickerbocker Ave & Halsey St,4623.02,40.693,-73.90824
1320,18 St & 27 Ave,7062.07,40.772768286288304,-73.92743647098541
1321,W 218 St & Broadway,8715.06,40.87139,-73.914318
1322,Central Ave & Covert St,4550.05,40.68929,-73.90951
1323,Woodward Ave & Harman St,5074.08,40.70793,-73.91092
1324,E 155 St & Courtlandt Ave,7940.02,40.82057,-73.917579
1325,Edgecombe Ave & W 167 St,8187.04,40.838191,-73.936085
1326,Stanton St & Mangin St,5326.06,40.71782143,-73.97628939
1327,9 Ave & W 219 St,8696.05,40.871094,-73.911503
1328,E 156 St & Courtlandt Ave,7940.04,40.82123860172,-73.9173299074173
1329,Washington Ave & E 163 St,7995.04,40.824,-73.91089
1330,Clinton St & 4 Place,4119.04,40.6783563,-74.00014502
1331,E 170 St & Sheridan Ave,8194.07,40.838315,-73.912604
1332,Willis Ave & E 143 St,7798.02,40.812299,-73.92037
1333,Madison St & Montgomery St,5262.09,40.713126,-73.984844
1334,Washington Ave & E 167 St,8068.01,40.829896,-73.907618
1335,Jerome Ave & Ogden Ave,8081.01,40.829797,-73.931015
1336,E 138 St & Grand Concourse,7803.08,40.813224,-73.930605
1337,Grand Concourse & East Mount Eden Ave,8265.09,40.84301,-73.91172
1338,Riverside Dr & W 138 St,7942.21,40.823168,-73.955857
1339,47 Ave & 31 St,6151.03,40.743,-73.93561
1340,Pike St & E Broadway,5270.05,40.71406667,-73.99293911
1341,Margaret Corbin Plz & Ft Washington Ave,8532.03,40.859166,-73.933872
1342,Henry St & Remsen St,4645.04,40.69400964865994,-73.99465128779411
1343,Knickerbocker Ave & Cooper St,4582.05,40.69081,-73.90448
1344,2 Ave & E 29 St,6122.09,40.74172351097472,-73.97809267044067
1345,E 97 St & Madison Ave,7393.09,40.787801,-73.953559
1346,Rutgers St & Henry St,5230.02,40.71332151208186,-73.99009689688683
1347,E 134 St & Walnut Ave,7613.04,40.800425,-73.911034
1348,Knickerbocker Ave & Thames St,5018.06,40.70539,-73.92976
1349,W 120 St & Claremont Ave,7745.07,40.8109494,-73.9634
1350,3 Ave & 17 St,3779.02,40.666168,-73.995549
1351,23 Rd & 31 St,7082.14,40.77336750284339,-73.91382560133934
1352,Kingston Ave & Herkimer St,4205.06,40.67890679,-73.94142771
1353,South St & Gouverneur Ln,4953.04,40.70355377,-74.00670227
1354,Union St & Bedford Ave,3879.04,40.6691783,-73.9554162
1355,E 128 St & 3 Ave,7696.07,40.805631,-73.934077
1356,Halsey St & Evergreen Ave,4474.01,40.68858,-73.91227
1357,N 11 St & Kent Ave,5489.04,40.72248188638219,-73.95921930670738
1358,Centre St & Seneca Ave,4837.03,40.69969,-73.9022
1359,E 165 St & Fox St,7966.02,40.82394,-73.894025
1360,Division Ave & Marcy Ave,5084.03,40.70708701,-73.95796783
1361,Prospect Ave & Greenwood Ave,3312.07,40.651745,-73.975988
1362,W 171 St & St. Nicholas Ave,8262.07,40.842941,-73.938631
1363,35 St & 34 Ave,6679.11,40.7580583,-73.9242751
1364,Degraw St & Hoyt St,4258.07,40.68199044270703,-73.99079024791718
1365,Greenpoint Ave & Manhattan Ave,5785.05,40.73026,-73.95394
1366,Ocean Pkwy & Church Ave,3125.09,40.64471895763575,-73.97451460361481
1367,50 St & 7 Ave,3038.08,40.642501,-74.006055
1368,3 Ave & E 170 St,8137.06,40.834857,-73.903743
1369,37 Ave & 35 St,6529.02,40.7531106,-73.9279917
1370,4 Ave & Shore Road Dr,2832.03,40.637033,-74.022141
1371,Prospect Ave & Longwood Ave,7870.02,40.81899,-73.90202
1372,E 47 St & 1 Ave,6498.09,40.75206862,-73.96784384
1373,Barry St & Tiffany St,7844.05,40.816126,-73.891559
1374,Valentine Ave & E 181 St,8435.04,40.854123869116,-73.89932222664356
1375,Grand Concourse & E 144 St,7845.06,40.816576,-73.927987
1376,W 176 St & Montgomery Ave,8366.06,40.849629,-73.919205
1377,Marcy Ave & Lafayette Ave,4476.03,40.6900815,-73.947915
1378,Jerome Ave & Anderson Ave,8061.01,40.830179,-73.928747
1379,Beck St & Leggett Ave,7807.04,40.815077,-73.899939
1380,Brook Ave & E 148 St,7816.14,40.814383,-73.915368
1381,E 9 St & Avenue C,5616.01,40.72521311,-73.97768752
1382,40 Ave & 9 St,6664.05,40.75742,-73.945133
1383,E 201 St & Briggs Ave,8717.07,40.87207,-73.88459
1384,31 St & Hoyt Ave N,7018.01,40.7711528,-73.9170074
1385,43 St & 35 Ave,6520.06,40.754139,-73.919543
1386,Harman St & Seneca Ave,5002.09,40.70577,-73.91292
1387,W 74 St & Columbus Ave,7230.1,40.7785669,-73.97754961
1388,Grand Concourse & E 196 St,8635.08,40.86767,-73.89286
1389,Fulton Ave & E 168 St,8084.03,40.830471,-73.904556
1390,Seaman Ave & Beak St,8650.11,40.867505,-73.926363
1391,Morris Ave & E 163 St,8036.05,40.827230499624726,-73.91765579597632
1392,Railroad Ave & Kay Ave,4990.02,40.70514807698391,-73.97078096866608
1393,Broadway & Ellwood St,8547.04,40.862058,-73.929719
1394,Fort Washington Ave & W 183 St,8399.06,40.852252,-73.937854
1395,Botanical Sq & Webster Ave,8646.02,40.86814,-73.88145
1396,Lenox Ave & W 133 St,7790.04,40.81296,-73.941878
1397,W 225 St & Exterior St,8711.02,40.873265,-73.906646
1398,Congress St & Hicks St,4497.09,40.6893952,-73.9995126
1399,5 St & 6 Ave,3874.01,40.6704836,-73.98208968
1400,E Mosholu Pkwy & E 204 St,8748.02,40.8740704,-73.8833650931
1401,Grand Concourse & E 197 St,8667.01,40.86945,-73.89148
1402,48 St & 2 Ave,3283.05,40.650176,-74.015606
1403,Jerome Ave & Bedford Park Blvd E,8734.02,40.87307,-73.88971
1404,Shakespeare Ave & W 169 St,8198.05,40.839312,-73.922423
1405,Scholes St & Manhattan Ave,5108.01,40.70870368,-73.9448625
1406,W 22 St & 10 Ave,6306.06,40.74691959,-74.00451887
1407,Bruckner Blvd & Bryant Ave,7944.11,40.821952,-73.888546
1408,Harrison Pl & Porter Ave,5090.06,40.70686,-73.92851
1409,Concourse Village West & E 156 St,7962.01,40.823162,-73.923267
1410,Bainbridge Ave & E 193 St,8582.02,40.86389,-73.89246
1411,Brook Ave & E 141 St,7740.08,40.809619,-73.917875
1412,Bainbridge Ave & E 196 St,8615.01,40.86648,-73.89042
1413,E Tremont Ave & Jerome Ave,8403.02,40.851747,-73.908964
1414,Stanhope St & Fairview Ave,5146.03,40.70998,-73.91116
1415,Goble Pl & Macombs Rd,8269.01,40.844075,-73.917256
1416,Edgecombe Ave & W 150 St,8049.05,40.826881,-73.941427
1417,Lab - NYC,Lab - NYC,40.754205108,-73.995975137
1418,Creston Ave & E 178 St,8379.07,40.850885,-73.906469
1419,34 St & 5 Ave,3451.01,40.654098,-74.001131
1420,6 Ave & Canal St,5500.07,40.72243797,-74.00566443
1421,20 Ave & 21 St,7363.04,40.784003,-73.912297
1422,48 St & Broadway,6629.06,40.755763,-73.912715
1423,E 163 St & Union Ave,7970.05,40.822545,-73.901824
1424,Myrtle Ave & Grove St,4816.05,40.69905,-73.91516
1425,University Ave & Brandt Pl,8366.07,40.848354,-73.918389
1426,Bainbridge Ave & E 198 St,8649.03,40.8684871,-73.8884559781
1427,Bedford Park Blvd & Paul Ave,8752.01,40.87444,-73.89186
1428,Waterloo Pl & Crotona Park East,8216.02,40.839194,-73.888587
1429,Bailey Ave & W 193 St,8676.01,40.87069,-73.90678
1430,E 2 St & 2 Ave,5593.02,40.72502876,-73.99069656
1431,4 Ave & 26 St,3596.04,40.660079,-73.998633
1432,10 Ave & W 202 St,8543.01,40.861281970750994,-73.921417593956
1433,Boerum Pl	& Pacific St,4488.09,40.688489,-73.99116
1434,Ditmars Blvd & 76 St,6927.03,40.768442,-73.893531
1435,Verona Pl & Fulton St,4124.04,40.6803560840434,-73.9476791024208
1436,Bushwick Ave & Stagg St,5140.06,40.709897,-73.94008
1437,Icahn Stadium,7514.01,40.79346,-73.92389
1438,Central Ave & Melrose St,4832.07,40.70112,-73.93039
1439,34 St & 35 Ave,6605.08,40.7569332,-73.9262231
1440,Freeman St & Southern Blvd,8060.01,40.830051,-73.892103
1441,Carroll St & Franklin Ave,3847.04,40.6679411,-73.9588
1442,Church Ave & McDonald Ave,3090.06,40.642809,-73.979239
1443,Bainbridge Ave & Bedford Park Blvd,8682.06,40.87002,-73.88565
1444,Adam Clayton Powell Blvd & W 132 St,7814.01,40.813539,-73.94521
1445,Montgomery St & Franklin Ave,3776.05,40.666439306870814,-73.9605563879013
1446,Washington Pl & Broadway,5755.01,40.72903917,-73.99404649
1447,W 26 St & 8 Ave,6297.02,40.74734825,-73.99723551
1448,Southern Blvd & E 149 St,7788.13,40.811892,-73.904192
1449,Ditmars Blvd & 79 St,6994.06,40.768728,-73.890745
1450,Riverside Dr & W 148 St,8054.04,40.829114,-73.950426
1451,50 St & Northern Blvd,6511.03,40.753441,-73.912402
1452,Jerome Ave & W 184 St,8550.01,40.860814,-73.902541
1453,Ogden Ave & Merriam Ave,8218.04,40.839142,-73.925961
1454,12 St & 4 Ave,3882.01,40.668603,-73.9904394
1455,Morris Ave & E 184 St,8550.04,40.86008,-73.90079
1456,3 Ave & E 172 St,8205.05,40.839586,-73.900277
1457,Windsor Pl & Howard Pl,3579.04,40.65949055893896,-73.98013919591904
1458,W Burnside Ave & University Ave,8425.01,40.853686,-73.912498
1459,Prospect Park West & 8 St,3722.04,40.66514681533792,-73.97637605667114
1460,Valentine Ave & E 183 St,8472.06,40.856987,-73.898237
1461,W 47 St & 6 Ave,6667.04,40.758397,-73.98255
1462,Grand Concourse & E 171 St,8194.06,40.839549,-73.913004
1463,Putnam Ave & Knickerbocker Ave,4663.06,40.69545,-73.91164
1464,21 St & 38 Ave,6656.05,40.7576314,-73.9391224
1465,Van Sinderen Ave & Truxton St,4161.01,40.6786,-73.90369
1466,Bergen St & Vanderbilt Ave,4157.10,40.6794388,-73.9680438
1467,E 138 St & Cypress Ave,7669.10,40.805559,-73.914718
1468,Popham Ave & W 174 St,8348.02,40.847746,-73.922079
1469,Webster Ave & E 166 St,8052.01,40.828975,-73.911259
1470,Macombs Rd & W 175 St,8344.04,40.848177,-73.916082
1471,43 St & Broadway,6670.03,40.7577284,-73.9166368
1472,River Ave & E 153 St,8005.08,40.82441,-73.92818
1473,Newton Rd & 44 St,6743.06,40.7595701,-73.9142678
1474,W Mosholu Pkwy S & Sedgwick Ave,8841.03,40.88226,-73.88702
1475,Cypress Ave & Palmetto St,4921.04,40.70157340873792,-73.90876293182373
1476,East End Ave & E 86 St,7113.08,40.77518615,-73.94446054
1477,E Fordham Rd & Webster Ave,8582.09,40.861748,-73.89105
1478,E 133 St & Cypress Pl,7642.04,40.80262,-73.9174
1479,Greenwich St & W Houston St,5730.08,40.728846,-74.008591
1480,W 15 St & 7 Ave,6030.06,40.73935542,-73.99931783
1481,Anthony Ave & E Tremont Ave,8356.04,40.848793,-73.903178
1482,Jerome Ave & E 164 St,8096.02,40.831444,-73.926226
1483,Bushwick Ave & Furman Ave,4317.05,40.68281,-73.90623
1484,Hoe Ave & Jennings St,8095.06,40.832171,-73.889686
1485,Columbia St & Lorraine St,4013.08,40.6747055,-74.0075572
1486,Lafayette Ave & Hunts Point Ave,7883.06,40.816567,-73.888161
1487,Douglass St & 3 Ave,4217.02,40.6802133,-73.98432695
1488,Audubon Ave & W 192 St,8469.05,40.85589030603889,-73.92708241939545
1489,Forsyth St	& Grand St,5382.07,40.717798,-73.993161
1490,Walnut Ave & E 136 St,7639.06,40.801657,-73.909513
1491,Hunts Point Ave & Bryant Ave,7820.05,40.813991,-73.8855
1492,Andrew Ave N & Hall of Fame Tce,8520.01,40.85834,-73.91008
1493,Mount Eden Pkwy & Eastburn Ave,8245.03,40.842675,-73.908544
1494,Goulden Ave & W 205 St,8799.01,40.87812,-73.89192
1495,Franklin Ave & E 169 St,8118.02,40.83171,-73.90208
1496,Grant Ave & E 169 St,8141.01,40.83579,-73.913741
1497,Garrison Ave & Manida St,7905.05,40.818743,-73.890247
1498,Broadway	& W 48 St,6708.04,40.760177,-73.984868
1499,Crotona Park East & E 173 St,8182.02,40.837037,-73.890413
1500,E 171 St & Webster Ave,8190.03,40.838379,-73.905838
1501,E 67 St & Park Ave,6932.14,40.76780080148132,-73.96592080593109
1502,36 St & 3 Ave,3460.02,40.655716,-74.006664
1503,65 St & 2 Ave,3019.02,40.640493,-74.02564
1504,10 Ave & W 204 St,8579.09,40.862638,-73.92006
1505,Westchester Ave & E 156 St,7891.06,40.817802,-73.905203
1506,Sedgwick Ave & W Burnside Ave,8465.01,40.854947,-73.916661
1507,Grand Concourse & E 175 St,8303.06,40.846221,-73.909232
1508,Gerard Ave & E 165 St,8111.04,40.83173,-73.922394
1509,Stephen St & Seneca Ave,4798.1,40.6988,-73.9007
1510,30 Ave & 47 St,6774.13,40.761294,-73.909562
1511,31 Ave & 61 St,6654.05,40.757525,-73.901614
1512,Academy St & Nagle Ave,8579.05,40.862562,-73.922661
1513,62 St & 4 Ave,2923.01,40.639859,-74.019776
1514,Aqueduct Ave & North St,8535.09,40.8604787,-73.9057169936
1515,Amsterdam Ave & W 136 St,7920.05,40.819746,-73.951819
1516,44 St & 3 Ave,3315.05,40.651173,-74.011405
1517,Broadway & W 153 St,8089.05,40.831327,-73.946665
1518,Brook Ave & E 157 St,7935.07,40.820713,-73.911759
1519,Southern Blvd & E 172 St,8129.02,40.834124,-73.88955
1520,Tiebout Ave & E 184 St,8510.02,40.858498,-73.89637
1521,Ryer Ave & E 182 St,8494.06,40.8558,-73.89956
1522,Sigourney St & Columbia St,3940.04,40.67267243410948,-74.0087952464819
1523,St. Ann's Av & Bruckner Blvd,7657.03,40.803399,-73.919763
1524,E 138 St & Willow Ave,7654.04,40.804168,-73.911545
1525,W 163 St & Edgecombe Ave,8153.1,40.835798,-73.937496
1526,Wilkins Ave & Crotona Park E,8167.02,40.835302,-73.895133
1527,W 34 St &	Hudson Blvd E,6535.04,40.755167,-74.000599
1528,Macombs Rd & Featherbed Ln,8307.05,40.84552,-73.91722
1529,Grand Ave & W 181 St,8500.01,40.856302,-73.907302
1530,Jerome Ave & E 198 St,8720.02,40.87144520687118,-73.89289632439613
1531,Dawson St & Intervale Ave,7888.1,40.819999,-73.897263
1532,58 St & Pier 4,3220.01,40.646475,-74.026081
1533,Cabrini Blvd & W 177 St,8358.1,40.848282,-73.941343
1534,Nassau St	& Duffield St,4781.05,40.698477,-73.98384
1535,Intervale Ave & Kelly St,8044.09,40.827301,-73.896372
1536,E 169 St & Fox St,8024.05,40.827184,-73.893721
1537,Sedgwick Ave & Hall of Fame Tce,8539.02,40.859532,-73.913303
1538,Bailey Ave & Sedgwick Ave,8643.01,40.86571,-73.90857
1539,Cauldwell Ave & E 158 St,7913.15,40.81989,-73.908351
1540,Townsend Ave & E 175 St,8323.05,40.84741,-73.911359
1541,63 St & 5 Ave,2872.02,40.63766,-74.01782
1542,,,40.67,-73.97
1543,Morgan WH station,SYS032,40.7098733,-73.9315939
